47341212847,30735.04,15113.10,0.52257,0.25433,16.71,12.92,6.82,3.23,8.56,12.96,19.26,55.99
24055617498,30816.83,15080.85,0.53002,0.26068,16.79,13.22,7.67,2.94,8.31,13.01,19.46,56.28
9604354940,25067.22,12040.75,0.50176,0.23535,14.84,11.47,6.35,3.08,8.64,13.43,20.04,54.81
6961701590,24214.53,9957.45,0.48521,0.22003,12.90,9.86,5.39,3.05,8.94,14.22,21.77,52.03
8387035266,23362.02,12816.57,0.46188,0.19791,11.06,7.97,3.69,3.49,9.83,14.97,21.60,50.11
4414771261,20363.43,7865.96,0.46565,0.20113,10.18,7.32,3.45,3.46,9.80,14.66,21.92,50.16
3898423431,22313.81,9219.16,0.48116,0.21130,12.07,9.02,4.34,3.40,9.11,13.92,21.42,52.15
3924257722,23165.63,10243.24,0.47876,0.20897,12.22,8.77,3.83,3.77,9.44,13.91,20.78,52.10
3350999728,22193.08,8883.81,0.49246,0.22351,13.36,10.11,4.93,3.30,8.85,13.83,21.02,53.00
2944327716,21047.60,9098.66,0.47483,0.20989,11.34,8.58,4.42,2.94,9.32,14.36,22.17,51.21
3048174780,22125.58,9446.64,0.47337,0.20666,11.27,8.20,3.89,3.06,9.03,14.26,21.72,51.94
3699007401,22185.88,11684.86,0.45337,0.19275,10.14,7.49,3.64,3.43,10.06,15.50,22.52,48.48
2826918111,20849.17,9590.19,0.46074,0.19503,9.75,6.80,2.80,3.33,9.62,15.09,22.28,49.67
2925307038,21202.64,10674.86,0.46088,0.19978,10.43,7.49,3.38,3.00,9.62,15.39,22.36,49.63
2009598152,18531.89,7979.41,0.37441,0.13554,7.04,4.90,2.47,4.55,12.10,17.50,23.23,42.62
2873935762,22832.39,11759.73,0.50698,0.23379,13.02,9.75,5.06,2.70,8.13,13.23,21.06,54.89
2535216428,23954.65,10733.03,0.46257,0.19664,8.55,5.93,2.49,2.80,9.24,15.47,23.30,49.19
1372318992,15636.29,6169.89,0.47830,0.21167,10.89,7.78,3.45,3.05,8.94,14.72,22.13,51.16
1881134217,22231.95,8515.70,0.46752,0.19853,9.26,6.39,2.65,3.00,9.00,15.00,22.89,50.11
2788092981,23966.69,12871.67,0.45946,0.19538,9.73,6.80,2.81,3.27,9.82,15.24,22.16,49.51
1865650413,19952.20,8629.24,0.39552,0.14828,8.33,5.89,3.11,4.42,11.31,16.36,23.20,44.70
1710910310,19817.80,8253.86,0.45181,0.19198,11.06,8.08,4.05,3.48,10.01,15.07,22.13,49.31
1703872168,18547.97,8330.47,0.39790,0.16316,10.66,8.58,6.05,4.73,11.83,16.61,22.10,44.73
1478165073,19076.79,7292.85,0.45574,0.19317,9.82,6.94,3.16,3.26,9.78,14.95,22.36,49.65
2050417528,21393.28,10143.75,0.44346,0.18991,13.31,9.97,3.50,4.56,11.23,14.56,19.41,50.24
2102087071,22673.79,10421.23,0.46838,0.19984,11.42,8.17,3.83,3.79,9.79,14.16,20.71,51.55
1886525571,21544.78,9493.24,0.40751,0.15428,7.84,5.49,2.55,4.38,11.23,16.14,23.82,44.43
1458105344,17166.50,7510.51,0.37292,0.13051,5.08,3.11,1.02,4.41,12.04,17.31,24.30,41.94
1595268761,20672.94,8546.80,0.45299,0.19054,9.92,7.29,3.41,3.30,9.63,15.17,22.99,48.91
1630925554,19062.89,8939.96,0.40992,0.15910,7.93,5.74,3.33,4.22,10.86,16.38,23.49,45.04
2093596819,24132.29,11515.81,0.47659,0.20738,10.97,7.67,2.98,3.16,9.29,14.61,21.43,51.51
2204486555,22114.97,12664.00,0.42545,0.16743,8.79,6.06,2.62,3.82,10.65,15.84,22.70,46.98
1951299830,23253.29,11303.76,0.47092,0.20238,11.73,8.33,3.35,3.81,9.66,14.78,21.03,50.72
1666329285,20906.47,10004.80,0.41525,0.16207,8.70,6.22,3.08,4.24,10.76,16.21,22.68,46.12
1643035261,21513.30,9971.63,0.46965,0.21249,13.14,10.39,6.08,3.25,9.50,14.52,21.48,51.25
1618578043,20966.58,10160.57,0.42737,0.17527,11.81,9.35,5.55,4.79,10.86,15.35,20.54,48.47
1703506932,21097.89,10925.45,0.45741,0.19091,8.85,6.27,2.88,3.05,9.23,14.94,23.48,49.29
1225735975,20448.70,8385.52,0.43721,0.17552,7.36,4.91,1.85,3.46,10.10,15.82,23.32,47.31
1779196231,22872.08,12197.47,0.45804,0.19412,11.36,8.31,3.74,3.72,9.98,14.57,21.66,50.06
1325336324,20318.83,9124.08,0.45968,0.19456,9.43,6.86,3.33,3.31,9.55,15.08,22.35,49.71
1097537997,19110.55,7603.47,0.44123,0.17644,7.86,5.33,2.26,3.35,9.37,15.41,23.50,48.37
1561724465,21945.12,11563.28,0.44852,0.18236,8.57,5.82,2.18,3.66,9.92,15.32,22.79,48.31
1553459471,24620.96,11578.90,0.45087,0.18595,9.92,7.19,3.65,3.73,10.00,14.86,22.09,49.32
1077780057,21169.47,8383.87,0.44729,0.18780,7.90,5.44,2.13,3.07,9.91,16.00,23.66,47.36
1421185012,22446.97,11162.83,0.46426,0.19821,10.28,7.42,3.57,3.18,9.35,14.94,22.27,50.26
1043150945,21723.26,8251.34,0.51489,0.24560,14.95,10.99,5.14,2.85,8.70,12.92,19.70,55.83
1044411188,20220.15,8773.98,0.43900,0.17865,10.09,7.54,4.07,3.71,10.18,14.87,22.75,48.50
918861913,19477.73,7815.84,0.45715,0.20014,12.96,9.90,4.51,3.75,10.17,14.93,21.09,50.06
840335510,17425.67,7196.81,0.40724,0.15343,8.06,5.57,2.02,4.38,11.13,16.35,22.44,45.71
1133142490,21178.65,9735.49,0.44532,0.18025,8.42,5.64,2.05,3.46,10.20,15.45,22.57,48.32
933996469,21948.50,8192.09,0.42852,0.16941,8.00,5.62,2.67,4.05,10.39,15.87,23.38,46.31
988163350,19283.87,8731.21,0.39015,0.14753,8.67,6.43,3.60,5.00,11.74,16.38,22.48,44.40
1041669595,18733.38,9718.34,0.47292,0.20149,8.63,5.99,2.63,3.00,8.73,14.71,23.42,50.15
1994157400,42228.52,18821.51,0.63962,0.37615,27.66,22.65,13.15,2.32,5.98,8.93,14.99,67.77
1014389559,21750.28,9676.06,0.44789,0.18472,9.48,6.39,2.62,3.56,10.25,15.33,21.64,49.22
734102138,16670.50,7443.14,0.38866,0.13680,4.29,2.59,0.82,4.47,11.41,15.94,24.31,43.87
644493641,17223.24,6549.80,0.43242,0.16900,8.09,5.49,2.07,4.02,10.31,15.44,23.00,47.23
694519857,18908.79,7308.74,0.40037,0.15849,6.51,4.42,2.12,3.82,11.61,17.35,23.83,43.38
398953845,16355.93,4243.92,0.49555,0.22984,11.66,8.50,4.21,2.81,8.85,13.89,21.64,52.80
942131171,18683.07,10038.37,0.46224,0.19276,7.80,5.26,2.17,3.18,9.34,14.98,23.69,48.82
1051622537,23004.89,11221.86,0.48234,0.21327,11.00,7.88,3.62,3.09,9.15,14.12,21.69,51.95
1175926759,26149.72,12756.02,0.45137,0.18691,10.45,7.37,3.12,3.73,9.88,14.82,21.73,49.84
1008543942,20899.00,11107.07,0.44326,0.18072,8.31,5.85,2.87,3.64,9.63,15.60,23.55,47.58
545550267,15304.67,6088.32,0.47379,0.20679,10.34,7.77,3.98,3.49,9.25,15.08,21.95,50.24
775895063,20535.56,8972.17,0.40447,0.14833,6.70,4.37,1.48,4.63,11.11,15.97,22.61,45.69
590933615,17224.87,6907.55,0.44803,0.17662,7.49,3.73,0.74,3.97,9.54,15.01,22.29,49.20
740805492,22813.67,8703.38,0.47973,0.21551,12.29,8.94,3.79,3.07,9.33,14.41,21.61,51.59
721554823,19223.52,8541.44,0.40640,0.15425,8.27,5.67,1.81,4.22,11.14,16.38,23.75,44.51
820723740,19929.67,9850.26,0.41074,0.15720,6.99,4.82,2.04,3.78,10.89,16.37,24.23,44.73
867017587,20279.69,10536.64,0.43887,0.18195,9.49,6.96,3.33,3.44,10.30,15.75,22.49,48.03
744645729,19951.39,9224.25,0.40720,0.16388,11.00,8.54,4.56,4.49,11.15,16.83,22.64,44.89
437361869,16627.20,5435.23,0.46470,0.20749,11.35,8.39,4.36,3.05,9.67,15.38,22.77,49.13
801054393,21185.75,9987.96,0.48708,0.22278,12.30,9.42,5.25,2.84,8.82,14.22,21.92,52.20
1827723119,44249.44,22882.01,0.51588,0.23150,12.62,8.45,3.22,3.55,8.30,11.76,20.44,55.95
2222469379,57917.53,27841.42,0.58560,0.31283,22.63,17.21,7.06,2.98,7.01,9.94,15.93,64.14
1044373915,24402.40,13284.16,0.42370,0.16316,9.10,6.40,2.40,4.29,10.57,15.55,22.51,47.07
456097846,17210.59,5839.55,0.48953,0.21924,12.13,8.81,3.85,3.30,8.83,13.83,21.52,52.51
955450646,24401.13,12261.16,0.46959,0.20471,12.63,9.43,4.05,3.60,9.84,14.39,20.86,51.31
630514412,18991.97,8143.97,0.49218,0.21849,11.78,8.62,3.55,3.35,9.08,13.42,20.56,53.59
672790161,19836.37,8948.94,0.41161,0.16530,8.51,6.11,2.37,3.79,11.19,16.74,23.39,44.88
626477612,18892.00,8338.47,0.49986,0.23730,15.84,12.22,5.65,3.35,9.50,13.65,19.37,54.13
1822497117,50434.39,24514.05,0.54875,0.28990,21.01,17.41,11.38,2.89,7.94,12.00,18.42,58.76
478644575,17995.51,6445.44,0.45569,0.19823,10.02,6.97,3.28,3.00,9.89,15.17,22.70,49.24
798153462,22403.05,10912.68,0.42037,0.16175,7.82,5.16,1.93,4.01,10.45,16.57,22.58,46.39
328766196,14437.30,4545.49,0.45351,0.20171,13.22,10.73,6.53,3.91,10.05,14.77,20.73,50.54
625749867,20757.31,8778.88,0.44216,0.17899,6.89,4.51,1.70,3.36,10.18,15.20,22.98,48.28
822250315,24638.19,11580.17,0.46205,0.20470,13.73,11.04,5.19,3.58,9.78,14.69,21.02,50.93
672297875,19951.86,9536.95,0.39698,0.14285,6.97,4.43,1.41,5.09,11.27,15.85,22.28,45.50
442662078,16676.54,6359.72,0.46191,0.19900,8.78,6.12,2.37,2.85,9.45,15.27,22.32,50.10
439297258,18365.27,6361.28,0.51369,0.24881,15.44,12.31,8.07,3.19,8.84,13.27,19.31,55.38
1040675192,28681.38,15139.30,0.49216,0.22639,15.80,12.34,5.33,3.63,8.63,13.93,20.77,53.04
637432143,18821.63,9538.97,0.44403,0.18011,7.66,5.03,1.80,3.29,10.08,15.33,23.08,48.22
675759211,19689.38,10217.41,0.44713,0.18350,8.91,6.38,3.10,3.37,9.84,15.34,22.93,48.51
485823102,18569.09,7351.04,0.43260,0.16982,6.86,4.43,1.57,3.50,10.03,15.53,24.06,46.87
421615183,19415.85,6444.65,0.49455,0.23631,14.88,11.47,5.91,3.03,9.27,13.90,20.19,53.61
395037646,17680.60,6144.81,0.44140,0.18714,10.05,7.17,3.11,3.62,10.60,15.30,21.70,48.78
339268348,16055.48,5303.72,0.49089,0.23036,12.84,10.10,5.07,2.51,8.62,14.62,21.29,52.97
339811540,19069.11,5337.66,0.42424,0.16960,7.41,5.19,2.49,3.55,10.66,16.01,23.65,46.13
1362044197,45325.93,21434.33,0.49799,0.22437,12.13,8.43,3.48,2.95,9.18,13.16,20.61,54.09
658377465,20591.67,10391.22,0.43772,0.18308,10.87,8.26,4.53,3.69,10.51,15.21,23.09,47.51
699847898,23146.18,11074.24,0.40247,0.15356,8.30,5.52,1.64,4.59,11.84,16.53,21.02,46.02
587123167,20272.19,9369.53,0.36867,0.13333,7.77,5.26,1.86,5.19,12.82,17.16,22.45,42.38
430924977,17784.77,7034.13,0.43740,0.18453,8.98,6.43,2.93,3.12,10.65,16.15,23.18,46.90
490082986,17317.42,8073.85,0.46446,0.20408,11.62,8.73,4.50,3.23,9.71,15.02,21.84,50.19
417979600,18814.35,6928.45,0.44052,0.18619,10.36,7.64,3.88,3.68,10.29,15.24,21.79,49.00
806496374,26018.53,13571.44,0.39114,0.14443,7.30,4.87,1.84,4.67,12.10,16.26,22.87,44.10
559107605,21480.18,9418.14,0.46444,0.20177,7.56,4.63,1.36,2.39,8.98,15.91,23.78,48.94
616944136,21724.15,10449.06,0.48802,0.22261,14.02,10.77,4.50,3.78,9.69,13.70,19.50,53.33
811791504,30864.25,13769.68,0.51565,0.23858,14.36,10.81,5.50,3.18,8.07,12.19,21.25,55.31
655624474,23873.01,11139.85,0.44808,0.18756,8.43,5.13,1.57,3.50,10.70,14.50,22.78,48.52
395412919,17609.91,6759.08,0.46039,0.19675,10.19,5.10,1.00,3.79,10.15,15.38,19.92,50.76
339829377,13703.35,5825.48,0.42734,0.17118,9.01,6.40,2.84,4.33,10.86,15.68,21.97,47.16
702579823,25289.94,12164.20,0.45038,0.17851,8.84,5.93,2.50,3.87,9.55,14.64,22.31,49.63
375581833,16247.70,6608.40,0.43138,0.16749,8.17,5.76,3.03,4.50,10.55,14.87,21.61,48.48
576967994,21558.42,10294.36,0.45116,0.18261,8.48,5.61,1.92,3.49,9.68,15.24,23.18,48.41
482833289,18827.58,8712.57,0.44848,0.18532,8.93,5.87,1.76,3.61,10.35,15.26,22.35,48.43
308963361,14382.43,5588.15,0.53342,0.26293,14.62,11.03,5.13,2.28,7.58,13.15,20.52,56.47
452678080,18409.78,8246.40,0.43563,0.17342,7.23,4.91,2.47,3.66,10.04,15.43,23.42,47.46
624333538,20820.14,11606.01,0.44170,0.18114,9.74,7.07,3.41,3.71,9.71,15.59,22.88,48.12
601466751,21120.40,11308.32,0.35187,0.11469,4.09,2.46,0.79,4.87,12.29,17.71,24.97,40.15
576228475,21697.80,10876.34,0.40982,0.15304,6.80,4.42,1.45,3.83,10.44,16.30,24.05,45.39
559576475,22295.66,10580.81,0.38187,0.13085,4.91,3.11,1.24,4.57,10.98,16.31,25.56,42.57
429655051,21137.16,8228.26,0.48273,0.21590,10.82,7.51,2.56,2.85,9.05,14.20,22.33,51.56
485920113,20012.36,9460.14,0.38279,0.15042,10.71,8.32,4.95,5.31,12.15,16.98,21.66,43.89
419785260,19959.36,8257.31,0.42913,0.17134,7.21,4.98,2.20,3.36,10.37,15.80,23.71,46.77
636308149,21844.49,12772.40,0.43538,0.17326,8.96,6.26,2.41,3.59,10.20,15.55,22.56,48.09
296895669,17421.41,5985.68,0.50179,0.24235,14.05,11.20,7.15,2.84,8.78,13.71,21.08,53.59
478902228,20205.14,9676.55,0.43501,0.17205,7.77,5.19,1.89,3.51,10.49,15.46,22.38,48.17
492028251,21821.37,9956.06,0.43073,0.17422,8.98,6.33,2.63,3.58,10.70,15.66,24.07,45.99
424629471,18227.57,8606.02,0.40256,0.14742,6.55,4.04,1.18,4.65,11.34,15.84,22.83,45.33
282424515,16368.64,5747.93,0.39199,0.13919,2.74,1.37,0.27,4.11,10.87,16.54,24.91,43.57
532086865,21657.72,10848.95,0.47744,0.21611,14.20,11.17,6.32,3.52,9.14,15.01,21.19,51.14
470646646,24064.15,9818.64,0.52509,0.24442,13.75,9.50,2.89,3.39,8.39,12.16,19.04,57.02
407314844,19555.18,8598.04,0.36883,0.12776,5.48,3.40,1.21,4.79,11.23,17.17,26.52,40.30
609613408,28534.61,13170.58,0.50158,0.22689,13.62,9.99,3.97,3.17,8.03,14.21,21.07,53.52
374098576,18291.54,8191.70,0.38522,0.14745,7.39,5.47,2.96,4.20,11.72,17.11,24.62,42.35
385817030,18700.84,8575.24,0.38651,0.14765,4.70,3.10,1.21,3.18,10.84,18.17,26.53,41.28
521230416,25213.10,11666.38,0.44467,0.18473,8.48,5.69,2.04,2.99,10.11,16.65,21.76,48.50
309473160,18102.08,6947.12,0.46843,0.20600,11.42,8.74,4.15,3.62,9.90,14.44,21.86,50.19
433801157,21749.87,9833.64,0.48397,0.21220,12.79,9.31,4.29,3.69,9.21,13.35,21.69,52.05
347466856,17610.20,8017.97,0.42347,0.16482,7.19,4.85,2.07,3.54,10.89,15.55,23.40,46.62
364457436,17361.73,8468.27,0.47322,0.20131,10.38,7.48,2.93,3.38,9.02,14.63,22.00,50.97
333938486,19492.09,7819.84,0.50396,0.23758,14.25,10.90,5.39,2.97,8.94,13.60,20.69,53.79
493562142,23420.43,11675.59,0.46774,0.19812,11.34,7.90,2.62,4.26,10.00,14.33,19.09,52.32
511843605,25935.83,12404.12,0.48690,0.20962,11.30,8.20,4.03,4.18,9.11,12.36,19.78,54.57
388611174,21259.98,9451.81,0.47872,0.21250,13.18,10.20,4.26,3.70,9.49,14.18,20.90,51.74
432978336,21477.10,10592.48,0.36797,0.12765,5.91,4.06,2.03,5.10,11.64,17.02,24.75,41.49
251429833,14964.28,6170.66,0.45228,0.19274,10.72,7.84,3.04,3.48,10.17,15.63,20.98,49.74
244264329,16452.10,6009.85,0.47079,0.20394,10.51,7.19,3.11,3.56,9.78,14.13,20.45,52.07
724906273,36100.91,18116.32,0.45648,0.18174,8.05,4.89,1.47,3.91,9.68,14.59,20.46,51.35
346640344,19616.34,8700.16,0.37592,0.12711,5.70,3.68,1.13,5.04,11.48,16.36,25.45,41.67
970188024,48241.66,24382.10,0.51870,0.27057,22.97,19.54,6.28,4.13,8.81,12.81,17.98,56.27
264209238,17478.78,6665.89,0.43059,0.17293,9.98,7.03,2.51,4.26,10.71,15.35,22.20,47.48
241043788,16477.12,6100.83,0.52421,0.26006,16.74,13.57,6.34,2.93,8.27,13.44,18.89,56.47
402001820,24584.26,10205.94,0.45323,0.18844,8.96,6.34,2.96,3.59,9.51,15.50,22.73,48.68
293824503,18342.25,7538.99,0.40552,0.15650,6.48,4.00,0.93,3.72,11.14,16.58,24.28,44.27
230997351,15141.41,5958.30,0.47948,0.21323,10.53,7.41,2.77,2.87,9.01,15.07,22.44,50.60
418761570,21086.74,10900.42,0.42336,0.16810,8.96,6.46,3.55,4.17,10.77,15.99,22.71,46.36
325847208,20237.70,8492.68,0.45620,0.19192,11.21,8.17,3.40,3.72,10.04,14.71,21.99,49.54
435034067,22984.84,11352.37,0.48526,0.22717,16.43,12.63,6.27,4.21,10.05,13.92,18.17,53.65
214619112,17219.12,5611.69,0.51309,0.26477,20.26,17.06,11.66,2.95,8.30,13.46,19.19,56.09
477069304,20537.66,12487.09,0.41490,0.15488,7.24,4.86,1.60,4.20,10.91,15.90,22.81,46.18
293974849,17790.78,7743.72,0.48030,0.20831,11.75,7.77,1.72,3.69,9.51,14.05,20.05,52.70
268706976,16672.27,7184.29,0.41253,0.16782,10.75,8.31,3.13,4.29,11.53,16.16,22.13,45.89
192557283,14151.34,5172.93,0.45537,0.19814,11.68,8.75,2.55,3.52,10.08,15.08,22.22,49.11
418766941,22365.25,11341.63,0.42459,0.16582,6.83,4.34,1.55,3.25,10.96,16.21,22.41,47.18
253329037,16217.21,6894.62,0.45198,0.19274,9.55,6.90,3.68,3.27,9.83,15.49,22.45,48.96
275374241,16484.54,7504.41,0.42957,0.16666,6.48,4.16,1.49,3.66,10.09,16.24,22.72,47.29
414959127,22679.08,11320.36,0.42989,0.16724,8.53,5.68,1.90,3.91,10.83,15.56,21.52,48.18
287596506,16757.75,7934.79,0.40907,0.16342,8.95,6.86,4.02,4.24,11.54,16.08,22.69,45.45
208952395,14928.37,5768.34,0.43973,0.18127,10.27,7.43,2.48,4.07,10.63,15.35,20.73,49.22
258048428,17786.63,7143.80,0.49998,0.22583,10.90,7.60,2.82,2.71,8.60,13.96,20.64,54.10
165777330,13709.67,4633.89,0.41645,0.16889,7.81,5.36,1.98,3.55,10.91,17.45,23.28,44.81
364757815,22290.26,10213.30,0.42819,0.16773,5.61,3.32,0.84,3.27,9.54,16.64,24.59,45.95
318353898,19053.98,8927.23,0.32822,0.10274,4.25,2.58,0.85,6.25,13.62,17.52,22.79,39.83
213653408,16111.41,5995.27,0.44592,0.17866,9.53,6.40,1.85,4.23,10.60,14.46,20.66,50.06
260251524,18079.30,7376.74,0.42030,0.15904,6.62,4.36,1.46,3.79,10.30,15.74,24.23,45.94
241115229,18803.34,6889.60,0.46643,0.19317,10.83,7.65,3.38,3.94,9.10,13.61,21.57,51.78
192362515,14133.91,5512.14,0.43378,0.17222,5.88,3.73,1.25,3.26,9.80,16.66,23.71,46.57
310963591,19716.18,8927.53,0.49255,0.21373,9.56,6.29,2.01,3.32,8.90,14.04,20.47,53.27
260776299,16603.61,7549.98,0.44977,0.18171,7.66,4.97,1.87,3.74,9.95,14.76,22.81,48.74
230491992,15155.97,6676.48,0.46833,0.21298,13.07,9.89,3.48,3.14,9.49,15.43,21.80,50.12
280761341,18415.41,8174.26,0.45829,0.18810,8.44,5.63,2.09,3.32,9.55,14.73,22.92,49.47
417707053,21112.31,12200.81,0.41617,0.15757,7.53,5.05,2.24,4.12,11.06,15.96,22.40,46.46
201926605,16302.81,5902.39,0.40211,0.14954,5.35,3.53,1.25,3.85,10.91,16.22,25.22,43.80
213948907,14668.10,6262.96,0.44979,0.18750,10.75,7.20,2.87,4.42,10.91,14.27,19.90,50.50
205144527,14780.93,6126.28,0.45319,0.20500,12.82,9.78,5.69,3.29,9.86,16.08,22.03,48.74
339908718,22552.33,10195.22,0.46839,0.20756,13.63,10.40,4.09,3.77,9.87,14.39,20.11,51.86
330150660,19636.63,9927.85,0.45922,0.18347,3.49,1.74,0.33,3.42,7.38,12.97,29.85,46.38
345921783,22430.41,10412.43,0.51627,0.23937,14.47,10.50,4.31,3.34,8.25,12.46,19.80,56.14
205858390,15509.56,6212.90,0.51954,0.24881,15.58,10.77,3.34,3.07,8.26,13.50,19.30,55.87
254144165,19522.52,7763.92,0.48496,0.21954,13.51,7.90,1.63,3.53,10.56,13.62,18.20,54.08
152516334,14488.11,4676.12,0.48386,0.21726,12.74,8.90,2.93,3.54,9.46,14.18,19.88,52.93
322687390,20362.68,9978.89,0.45209,0.18789,11.49,8.13,2.46,3.91,10.27,14.91,21.07,49.84
299757133,20151.74,9335.03,0.36303,0.12135,5.53,3.52,1.21,5.03,12.43,17.19,23.04,42.30
296233977,18711.09,9263.68,0.52255,0.26187,17.87,14.04,7.15,3.02,8.73,13.53,19.84,54.88
339330214,19342.77,10623.99,0.41996,0.16175,7.76,5.06,1.41,3.79,10.67,15.62,23.32,46.61
272841615,20647.92,8557.32,0.43781,0.17136,7.07,4.51,1.28,3.78,9.64,15.51,24.25,46.83
282879725,18222.09,8893.35,0.42821,0.16699,7.95,5.23,1.99,4.07,10.17,15.77,23.74,46.25
432998201,28131.38,13661.84,0.49133,0.21388,10.29,6.56,1.95,3.24,8.72,14.14,21.17,52.73
266550505,29394.63,8416.23,0.40085,0.14989,8.32,5.32,1.75,5.05,12.03,15.70,20.93,46.28
195180202,18627.62,6269.64,0.47585,0.20648,8.94,5.78,2.17,2.70,8.49,14.71,23.65,50.44
374887899,24138.04,12046.53,0.42931,0.16924,8.81,5.87,1.93,4.04,10.94,15.19,21.59,48.23
193932197,15570.63,6241.38,0.45208,0.18376,6.95,4.58,1.66,3.58,9.87,14.61,23.38,48.57
287178400,19297.03,9365.63,0.41295,0.15622,6.68,4.25,1.41,4.12,11.37,16.00,22.56,45.95
220513470,16990.02,7218.12,0.42934,0.16678,7.39,4.65,1.39,4.22,11.04,15.28,19.87,49.59
140911769,13515.42,4618.85,0.45838,0.19367,6.20,3.83,1.09,2.72,9.38,15.70,23.05,49.15
170908238,14857.71,5628.28,0.45316,0.19181,9.16,6.42,3.05,3.13,9.34,15.95,22.11,49.48
208810247,16144.29,6911.50,0.38011,0.13623,6.10,3.88,1.36,4.20,11.84,17.28,23.55,43.14
216509258,16134.53,7174.64,0.42733,0.17915,11.63,8.62,3.08,3.83,10.95,15.44,23.01,46.77
185319425,14186.59,6158.63,0.45175,0.19811,11.20,8.52,3.67,3.40,10.17,15.99,21.28,49.17
425188858,29066.78,14169.66,0.42638,0.16418,10.12,7.60,3.91,3.51,9.52,15.90,21.73,49.34
198560621,15660.59,6621.56,0.40459,0.15086,6.24,3.96,1.44,4.19,11.00,16.49,24.20,44.12
183121010,19549.59,6119.74,0.51757,0.23911,10.40,6.79,2.73,2.66,7.79,12.67,21.47,55.41
222212928,16698.95,7462.32,0.41549,0.15533,6.63,4.12,1.25,3.97,10.83,15.57,23.30,46.32
260530564,20276.33,8774.14,0.41477,0.15343,6.71,3.91,0.89,4.13,10.57,15.83,23.30,46.17
366001565,24129.85,12339.90,0.43005,0.16695,8.77,5.95,2.68,4.10,10.28,15.23,22.92,47.47
197684048,17770.95,6765.14,0.43819,0.17806,7.78,4.87,1.43,3.23,10.17,15.02,23.75,47.83
305014515,20315.34,10442.84,0.47397,0.21250,13.50,7.23,1.45,4.10,10.14,14.42,18.71,52.63
216242549,17780.18,7408.87,0.46794,0.20642,11.30,8.51,5.16,3.34,9.18,14.77,22.09,50.62
233617895,20674.15,8009.66,0.46938,0.20753,13.06,9.94,3.96,3.46,9.27,15.10,21.84,50.33
367256611,27673.62,12615.30,0.49924,0.24080,15.32,12.84,9.64,2.68,8.09,13.65,22.09,53.49
252716566,17370.03,8746.33,0.40469,0.14705,4.35,2.53,0.87,3.94,10.57,16.39,24.94,44.16
249693014,19345.55,8731.44,0.45508,0.18667,9.63,6.77,2.48,3.91,10.17,14.63,21.33,49.96
219871558,17904.85,7695.89,0.47299,0.20524,10.34,7.66,3.97,3.10,8.98,14.83,21.75,51.34
202487352,19471.81,7139.64,0.49684,0.22813,14.17,10.86,6.38,3.54,8.40,13.37,20.61,54.09
234145159,18208.66,8271.93,0.41894,0.15926,7.86,4.95,1.53,4.23,10.82,15.39,22.20,47.36
271286733,22012.88,9591.53,0.49456,0.23437,15.11,12.07,7.36,3.44,9.36,14.06,20.12,53.02
145264481,14259.79,5156.34,0.41513,0.16075,7.04,4.57,1.77,3.64,10.58,16.39,23.42,45.97
276038478,20549.28,9804.24,0.42271,0.16986,11.13,8.18,3.67,4.49,10.99,15.39,22.01,47.12
224271045,16577.06,7970.40,0.44052,0.18583,12.86,10.12,3.61,4.64,10.78,14.73,19.52,50.33
168734405,14700.68,5997.95,0.43205,0.17648,7.08,4.43,1.47,3.48,10.58,16.32,22.95,46.67
236567940,17188.69,8415.19,0.44198,0.17470,7.96,5.24,2.03,3.60,10.24,14.77,22.72,48.67
211452769,17945.58,7547.30,0.45534,0.18504,9.24,6.08,1.66,3.77,9.79,14.27,21.53,50.63
119062266,16347.97,4287.75,0.49082,0.23547,11.87,9.51,6.02,2.65,8.68,14.53,21.88,52.27
210932722,15771.85,7611.33,0.42810,0.17047,9.21,6.88,4.01,3.34,9.92,15.60,22.30,48.83
183454662,16903.59,6629.37,0.37210,0.13006,6.08,3.83,1.18,4.86,11.92,17.42,23.96,41.84
214400106,23256.33,7758.28,0.48461,0.23344,16.35,12.69,8.06,3.45,9.90,14.39,20.04,52.21
308180692,24362.11,11170.01,0.48070,0.20533,8.31,5.00,1.21,3.01,8.94,14.87,21.27,51.90
153807417,16056.73,5577.18,0.47289,0.22626,13.46,10.99,8.28,2.73,9.08,15.76,22.15,50.28
209412801,19228.06,7595.40,0.45396,0.21851,16.42,13.87,9.32,3.41,10.64,15.35,19.91,50.70
324122838,25503.41,11782.43,0.51401,0.25385,9.41,5.06,0.96,5.23,9.65,11.61,14.36,59.14
195748410,17008.29,7150.89,0.46955,0.19959,11.76,8.05,2.38,3.61,9.24,14.42,21.55,51.17
167064993,15676.55,6117.36,0.42683,0.17011,8.28,5.84,2.62,3.78,10.52,16.01,22.38,47.32
221427112,16054.75,8119.21,0.46121,0.19332,11.85,8.16,2.74,4.28,9.50,14.39,21.32,50.51
155169314,14761.16,5708.74,0.45885,0.19250,7.94,5.16,2.19,3.19,9.50,14.86,22.88,49.57
240264005,19995.34,8863.87,0.38707,0.14470,7.39,4.34,1.11,4.29,12.60,16.44,23.23,43.44
143506163,16100.77,5300.12,0.48630,0.22573,12.56,8.67,2.73,3.02,9.46,15.58,19.68,52.26
250437810,19571.57,9283.38,0.49680,0.22545,14.20,9.52,2.40,3.28,9.02,13.77,19.82,54.11
144617284,16212.70,5389.93,0.41916,0.16558,8.29,5.21,1.06,3.82,10.71,16.55,23.42,45.50
272117875,19647.50,10189.01,0.43621,0.17295,9.38,6.47,2.28,4.05,10.20,15.44,21.76,48.54
215666624,19688.39,8130.69,0.46575,0.21275,14.20,10.98,5.77,3.30,9.73,15.13,22.05,49.78
395022470,34825.22,15062.82,0.55229,0.28686,20.82,15.12,3.88,2.76,7.86,13.64,16.80,58.93
164525229,16662.47,6356.01,0.43105,0.17982,8.74,6.06,2.14,3.33,10.89,15.68,23.10,47.01
255168764,21365.55,9873.42,0.42603,0.17192,11.58,6.76,1.37,5.31,11.71,14.12,19.83,49.04
257346057,20289.03,9996.74,0.40118,0.15429,6.18,3.68,1.07,3.74,11.03,18.03,22.88,44.32
487170777,37832.63,18949.43,0.53532,0.26352,18.30,12.32,3.81,3.00,8.11,12.64,18.85,57.40
161620138,17246.84,6290.19,0.44712,0.20114,14.14,10.74,4.28,3.64,10.20,15.92,22.25,47.99
150322983,15976.51,5851.88,0.49597,0.22946,13.36,9.78,3.20,2.99,8.84,14.11,20.22,53.84
127349415,14355.70,4971.87,0.39628,0.15119,8.97,6.77,4.02,3.76,11.00,16.94,23.31,44.99
197700064,18426.70,7732.32,0.47534,0.19841,7.68,4.90,2.01,2.85,8.14,14.39,23.32,51.30
169172108,15898.14,6659.79,0.44244,0.18219,8.80,5.73,1.47,3.45,10.48,15.85,21.76,48.46
171962825,15980.19,6786.22,0.44796,0.18320,9.09,5.64,1.26,3.43,9.87,15.67,22.56,48.47
168129307,15568.97,6640.70,0.48510,0.19392,6.69,3.35,0.62,4.00,8.10,13.39,20.45,54.06
123240178,16781.07,4873.66,0.49748,0.21847,6.79,4.01,1.29,2.64,8.21,14.23,22.51,52.40
171366906,16463.34,6780.90,0.45276,0.18953,9.46,6.21,2.42,3.60,10.36,14.78,22.08,49.19
211854364,17841.87,8390.94,0.46031,0.18551,9.61,6.65,2.74,3.37,8.63,14.61,23.15,50.23
246663990,23471.69,9844.90,0.48116,0.20466,8.96,6.20,2.52,3.11,8.01,14.01,23.66,51.22
258406135,20005.12,10524.42,0.43090,0.16515,6.24,3.93,1.34,3.80,10.66,14.88,22.11,48.55
169769105,15670.03,7032.40,0.44199,0.17723,7.99,5.49,2.04,3.62,9.76,16.04,23.20,47.37
245210496,20461.49,10157.85,0.42414,0.16498,10.68,7.39,1.98,4.54,10.96,15.60,21.10,47.81
109836989,13819.45,4559.25,0.48290,0.20389,7.19,4.51,1.20,3.30,8.91,14.05,21.40,52.34
234218485,20429.00,9780.29,0.40313,0.15091,8.44,5.46,1.50,4.25,11.11,16.84,22.87,44.94
147699504,15244.04,6212.13,0.41327,0.15602,5.99,3.98,1.77,3.79,10.49,16.14,24.19,45.39
212828296,18526.14,8954.40,0.46500,0.19811,10.42,7.26,2.77,3.34,9.44,14.83,21.37,51.02
130144139,15367.12,5481.60,0.50793,0.24542,16.64,13.03,4.10,3.05,8.73,13.94,19.63,54.66
183070617,17067.93,7754.27,0.45532,0.20580,15.27,11.96,7.16,4.52,10.35,14.61,19.26,51.26
127435028,15836.34,5398.19,0.46073,0.19524,7.09,4.62,1.92,2.83,9.07,15.55,22.99,49.56
314044920,24924.20,13338.64,0.50815,0.25094,17.50,14.91,10.55,3.40,8.86,13.00,18.72,56.01
241029840,20708.81,10281.53,0.48020,0.20868,10.45,6.19,1.22,3.56,9.98,13.92,19.46,53.08
177525096,17557.62,7584.60,0.42911,0.17303,5.60,3.38,1.00,3.00,8.97,16.50,27.64,43.89
227218654,25328.13,9711.03,0.54732,0.29892,22.89,19.65,14.74,3.32,8.31,11.43,17.40,59.55
126297406,12465.20,5491.43,0.42337,0.15868,5.68,2.86,0.57,3.53,8.90,17.36,24.75,45.45
175623929,20200.59,7654.79,0.43858,0.17357,7.38,4.75,1.50,3.76,9.59,15.56,24.32,46.76
275451484,23666.25,12096.06,0.44536,0.21491,16.35,14.08,7.61,3.35,10.80,16.25,21.36,48.24
124831393,15611.73,5494.82,0.44001,0.18185,13.64,10.37,5.34,3.29,9.61,14.99,21.13,50.98
155064741,19380.67,6846.73,0.47664,0.20655,9.11,6.02,2.07,2.99,9.55,13.70,22.66,51.10
102961128,14943.56,4559.43,0.46334,0.20160,8.28,5.71,2.49,3.32,10.04,15.27,22.84,48.52
209782022,18829.73,9318.26,0.43553,0.17230,9.45,6.24,1.69,4.44,10.92,14.62,20.95,49.07
185967159,20757.58,8273.66,0.41088,0.15277,5.37,3.37,1.02,3.86,10.35,16.75,24.15,44.88
133204762,14807.11,5943.72,0.43763,0.18085,10.29,7.34,2.80,3.87,10.14,16.07,22.38,47.55
197127799,17823.49,8810.57,0.46611,0.21553,15.22,12.56,5.53,3.89,10.54,14.33,19.45,51.78
126606835,12801.50,5671.33,0.45929,0.18731,7.72,5.01,1.83,3.36,8.90,15.09,23.28,49.38
221689725,20201.36,9960.45,0.37609,0.13502,5.66,3.57,1.09,4.11,11.32,18.07,25.95,40.54
155711140,19319.00,7008.65,0.49689,0.23650,17.60,13.99,4.08,3.61,8.86,13.78,20.00,53.75
267065416,24057.78,12135.48,0.41380,0.15467,7.23,4.86,2.01,4.23,11.20,15.21,23.05,46.30
302694761,28384.73,13799.62,0.42297,0.17159,10.28,7.19,2.60,3.97,11.37,16.65,20.12,47.89
118367885,13755.71,5402.95,0.46711,0.19593,7.07,4.33,1.50,3.19,9.26,15.08,21.92,50.54
224308587,22217.57,10255.98,0.47858,0.21634,11.90,8.78,4.78,3.22,9.18,14.64,21.99,50.97
95870220,14767.44,4402.56,0.43952,0.18862,11.57,7.54,1.65,3.60,11.02,15.87,20.99,48.52
220198223,18922.25,10113.83,0.45604,0.18406,9.45,5.97,1.57,3.77,9.79,14.80,21.07,50.57
144652882,15185.06,6667.57,0.44256,0.17197,5.73,3.64,1.30,3.67,8.98,14.05,25.65,47.64
181815444,18252.73,8402.60,0.43285,0.18267,10.45,7.78,3.81,3.34,10.21,15.52,24.80,46.12
256350270,23940.07,11877.97,0.52344,0.24973,15.79,9.74,1.88,3.41,9.02,12.55,17.77,57.24
186354593,21200.75,8703.28,0.48986,0.23110,16.89,13.30,5.80,3.54,8.98,14.03,20.00,53.45
167474190,17992.50,7837.25,0.36041,0.13373,8.67,6.14,2.37,5.62,13.15,17.51,21.01,42.71
166221505,20473.15,7782.63,0.40460,0.15037,7.20,4.92,2.14,4.20,11.44,15.89,22.47,45.99
109204014,13177.75,5117.10,0.49052,0.21049,10.01,6.30,1.23,3.04,7.20,14.87,23.42,51.48
214050138,20229.67,10090.04,0.40113,0.14910,7.61,5.47,2.14,4.36,10.94,16.63,23.60,44.46
97531271,13629.30,4614.03,0.46159,0.19556,8.93,6.23,2.48,3.09,8.72,15.40,23.53,49.28
176557357,18128.90,8364.08,0.43310,0.17477,9.70,6.34,2.16,3.94,10.97,15.73,21.10,48.26
279890890,28671.47,13265.60,0.41403,0.15267,6.45,4.09,1.17,4.53,10.03,16.15,23.76,45.54
129030025,14927.12,6118.94,0.44840,0.17841,7.42,4.61,1.32,3.53,9.28,15.63,21.94,49.61
203819866,19506.16,9687.26,0.52242,0.24566,14.79,9.77,2.34,2.84,8.04,13.46,18.90,56.76
111042376,15598.03,5320.67,0.41776,0.17000,9.18,6.74,3.61,3.91,11.17,16.44,22.50,45.97
116082231,14976.42,5562.96,0.42721,0.16805,7.83,5.34,1.72,3.63,10.08,15.68,23.48,47.13
104747339,13505.33,5022.65,0.47827,0.20360,7.34,4.45,1.65,2.84,8.22,14.94,23.52,50.47
164348730,16771.99,7889.24,0.48403,0.22899,13.42,11.06,8.10,3.39,9.68,14.14,20.24,52.55
107386620,15482.50,5163.81,0.49159,0.22691,12.29,9.32,3.44,2.80,8.99,14.21,20.42,53.58
116727028,16135.89,5627.30,0.48273,0.22410,14.39,11.56,5.78,3.45,9.14,14.34,21.55,51.52
96203269,14224.94,4641.67,0.47488,0.20581,9.72,6.71,2.77,2.93,9.01,14.98,21.41,51.66
98105409,15049.15,4776.31,0.48099,0.21787,9.20,6.38,2.49,2.41,8.47,15.00,23.15,50.97
158558246,16835.66,7757.25,0.59857,0.32990,10.92,5.46,1.05,2.37,6.02,11.41,17.62,62.57
198764727,20815.24,9760.59,0.48382,0.20944,10.67,7.51,2.89,3.61,9.48,13.75,19.78,53.38
111041629,17304.29,5459.81,0.46897,0.19727,8.80,4.68,0.99,4.20,9.48,14.82,19.18,52.31
137303830,15341.21,6756.75,0.40374,0.15054,7.28,4.71,1.50,4.22,11.62,16.75,22.08,45.33
118945443,16633.40,5857.36,0.47312,0.21498,12.81,9.39,3.76,2.80,8.88,15.43,21.38,51.51
106240393,16428.08,5233.26,0.50075,0.23241,10.00,6.33,1.99,2.52,8.88,14.53,19.93,54.15
110198004,14710.72,5463.46,0.48163,0.20519,8.52,5.67,2.45,3.30,8.84,14.13,20.96,52.77
133483642,19466.77,6629.10,0.49277,0.22023,13.17,9.14,2.13,3.44,9.06,13.30,19.60,54.60
150893723,18751.55,7501.55,0.45794,0.19721,10.34,7.31,2.68,3.07,9.85,15.35,22.38,49.34
169098835,19170.03,8416.65,0.45169,0.23667,19.77,16.46,10.20,3.91,10.81,16.55,19.90,48.83
98993566,14850.52,4928.98,0.41829,0.16450,8.11,5.51,2.14,4.07,11.29,16.11,22.08,46.45
160365576,18116.31,8014.27,0.46006,0.19869,15.37,11.19,5.10,1.71,6.40,10.10,19.49,62.30
125440993,17209.63,6289.98,0.43098,0.16849,6.05,4.04,1.72,3.66,10.03,16.27,22.25,47.78
109770240,18735.32,5512.49,0.42195,0.16806,7.28,4.85,2.19,3.63,10.91,15.78,23.66,46.03
140727419,17252.35,7075.64,0.45447,0.19279,12.65,7.37,1.55,4.26,10.39,14.73,19.17,51.44
167456511,18231.52,8455.26,0.41276,0.16129,9.07,6.31,2.45,4.74,11.83,15.92,22.09,45.42
129567451,16813.84,6606.88,0.40797,0.16572,11.04,7.97,2.47,4.96,12.42,15.84,19.85,46.92
300929234,29639.44,15439.39,0.56430,0.30277,23.28,19.18,8.36,2.90,7.56,12.00,16.58,60.96
97888966,14273.69,5039.59,0.35138,0.12308,6.28,4.16,1.74,5.61,13.11,17.49,22.73,41.05
106571304,15279.04,5499.04,0.48081,0.22285,10.75,8.05,4.85,2.93,8.94,14.85,22.59,50.69
125902064,16607.58,6502.20,0.47222,0.22150,14.78,12.01,8.55,3.41,9.68,14.87,20.40,51.64
124798553,15043.22,6462.56,0.46868,0.18994,4.37,2.18,0.43,3.04,7.65,14.99,24.76,49.56
98191020,14587.88,5084.98,0.42640,0.16710,7.37,4.51,1.26,3.82,9.82,15.62,24.90,45.85
80610146,13010.03,4185.15,0.40536,0.14978,7.25,4.12,1.26,4.59,10.65,16.24,22.80,45.72
118852122,15264.85,6175.42,0.48420,0.21352,9.47,5.38,1.08,2.92,9.28,14.56,21.25,51.98
158036837,18053.10,8267.69,0.38219,0.14646,3.77,2.30,0.61,3.18,10.78,18.08,28.63,39.33
213473591,22799.70,11186.58,0.44830,0.19106,11.43,8.17,2.76,3.84,10.41,15.48,20.63,49.64
125467085,15799.91,6604.92,0.41935,0.16192,5.41,3.35,1.06,3.43,10.39,17.23,23.19,45.75
225635526,30516.03,11926.40,0.51808,0.23676,12.85,9.28,3.71,2.99,7.82,12.64,20.34,56.21
87329655,14437.04,4621.59,0.41572,0.16265,7.79,5.03,1.52,3.40,10.55,17.01,22.71,46.34
106604239,14712.15,5650.90,0.39234,0.14948,6.66,4.12,1.46,3.62,10.83,16.04,23.21,46.30
140617728,18362.20,7483.25,0.41104,0.15001,6.55,3.98,0.87,4.27,10.52,15.86,23.79,45.57
203298289,21126.29,10819.49,0.43081,0.17158,9.09,5.81,1.79,4.47,10.73,15.55,21.25,48.00
141822601,16052.36,7566.29,0.40950,0.15570,5.82,3.60,1.23,3.76,10.97,16.30,23.88,45.09
168590314,19562.58,9026.14,0.42909,0.16675,8.54,5.67,1.94,4.34,10.56,15.41,21.58,48.11
189156503,21674.86,10158.78,0.39820,0.14678,8.65,6.68,4.19,3.94,10.61,16.44,24.07,44.93
148309260,16637.79,7974.90,0.41203,0.16655,10.46,7.94,4.55,3.96,11.44,16.45,21.91,46.24
122698380,15447.36,6601.30,0.46562,0.22177,13.53,11.12,8.21,3.65,9.61,15.42,21.44,49.87
101295843,14593.84,5451.00,0.42497,0.17079,7.44,4.71,1.38,3.56,10.69,16.52,21.91,47.32
94575355,15632.29,5099.23,0.46011,0.19587,7.97,5.30,1.70,3.02,9.23,15.10,22.22,50.42
100723398,13036.94,5430.71,0.42310,0.16198,8.45,5.15,1.11,4.46,10.79,15.40,20.92,48.44
307898744,33786.76,16707.30,0.52158,0.23842,13.24,8.35,2.00,4.01,8.58,11.62,18.00,57.80
112951211,17681.78,6145.00,0.49255,0.21817,9.96,6.78,2.17,2.64,8.54,14.18,21.66,52.98
106509592,18281.77,5831.99,0.51988,0.25301,16.69,12.58,2.74,3.51,9.05,12.71,17.66,57.07
75024442,15007.89,4126.30,0.45052,0.19734,9.09,6.21,2.73,2.54,9.43,16.18,24.04,47.81
142575791,19379.61,7860.18,0.44100,0.17601,9.38,6.37,2.21,3.94,9.57,15.13,22.53,48.83
109061416,15692.29,6032.83,0.42149,0.16562,7.16,4.77,2.06,3.91,10.66,16.02,23.64,45.77
117987408,17315.44,6536.70,0.51584,0.23866,5.63,2.81,0.50,4.04,8.91,11.56,17.89,57.60
143423941,19465.79,7952.97,0.40758,0.15211,7.84,5.14,1.64,4.47,11.61,15.22,22.84,45.85
147000305,16574.62,8164.87,0.46936,0.19204,8.15,5.05,1.55,3.46,8.65,14.90,22.32,50.67
220407512,23758.49,12281.02,0.56450,0.29609,20.99,16.78,9.67,3.11,7.48,11.22,17.17,61.02
105528871,15687.36,5880.68,0.44643,0.18181,8.49,5.25,1.15,3.90,10.39,14.81,21.62,49.28
143893094,18440.74,8073.90,0.41842,0.15878,7.15,4.22,1.12,4.10,11.25,16.16,21.85,46.65
317270315,33637.65,17805.17,0.48840,0.21046,10.64,7.18,2.10,3.37,8.15,14.73,21.10,52.65
91559158,14505.57,5168.75,0.40542,0.16542,8.73,6.55,3.72,3.53,11.33,17.03,22.93,45.18
95727569,15187.62,5408.95,0.42025,0.15896,6.27,3.93,1.22,3.53,9.87,16.20,24.88,45.52
141783425,20099.72,8015.80,0.47914,0.20215,8.45,5.71,1.86,3.51,7.98,13.74,24.43,50.34
230890150,23402.61,13058.66,0.46441,0.19268,10.30,7.27,2.91,3.83,9.50,14.18,21.45,51.03
177387092,24226.59,10040.02,0.48924,0.21587,11.11,7.65,3.08,3.14,8.97,13.91,20.59,53.39
103791885,15419.98,5885.90,0.43441,0.17527,7.06,4.69,1.42,3.46,9.83,16.51,23.37,46.84
94485170,15895.89,5362.69,0.42210,0.16412,6.40,4.09,1.37,3.40,9.89,16.15,24.00,46.57
184660029,21993.81,10581.63,0.46510,0.18812,9.21,5.53,1.32,3.86,9.67,14.08,20.66,51.74
134572263,17501.92,7714.97,0.44384,0.17716,9.34,5.92,1.90,4.56,10.42,14.09,20.99,49.94
189979259,22214.60,10892.68,0.48049,0.20043,7.35,4.38,1.19,3.14,8.68,13.17,23.12,51.89
139299959,18888.13,7989.67,0.47921,0.20608,10.91,7.36,1.96,3.92,9.58,13.82,19.47,53.22
92972259,14144.57,5336.18,0.45553,0.19126,9.97,7.47,3.82,3.41,9.36,14.47,23.69,49.07
152422220,21061.52,8759.90,0.48150,0.19875,8.02,4.51,0.88,3.83,8.61,13.01,22.95,51.62
122782147,18361.32,7075.56,0.46699,0.19207,6.09,3.63,0.84,2.86,8.49,14.58,24.94,49.14
183506347,22674.70,10599.95,0.53422,0.27454,20.38,16.48,8.08,2.70,8.01,12.24,18.81,58.24
129646689,16614.98,7491.00,0.44726,0.17755,7.19,4.59,1.41,3.64,9.48,15.09,23.39,48.40
266759432,31372.39,15449.09,0.49101,0.22275,14.30,10.92,4.38,3.60,9.22,13.38,19.79,54.01
94638015,13711.68,5514.39,0.44757,0.18953,7.07,4.31,0.99,3.11,9.99,16.24,22.76,47.90
122696720,17488.13,7184.91,0.50449,0.23181,11.61,7.38,1.97,2.92,8.98,13.89,19.75,54.45
117412190,18551.46,6892.81,0.39985,0.14067,5.42,3.24,0.84,4.67,11.32,15.34,23.68,44.99
106746756,15934.73,6298.49,0.43082,0.17114,7.31,4.66,1.29,3.65,10.57,15.33,23.12,47.34
141332057,19953.70,8342.60,0.41081,0.15818,7.21,4.51,1.60,3.76,11.06,16.43,23.30,45.45
141372981,16452.11,8347.98,0.47327,0.20382,10.35,7.35,2.48,3.42,9.47,14.56,20.42,52.14
153979312,19476.26,9094.52,0.50094,0.21741,7.87,4.43,1.06,3.00,8.45,13.31,21.12,54.11
95850312,16133.70,5692.84,0.45724,0.19583,10.43,7.82,1.82,3.69,9.71,15.18,22.20,49.22
138954391,18808.12,8298.26,0.48081,0.22610,17.66,13.50,2.93,3.89,9.82,14.02,19.52,52.75
169611453,25482.49,10143.62,0.45997,0.18952,10.07,6.34,1.40,4.22,10.07,14.61,20.83,50.27
182572321,21323.56,10919.40,0.34043,0.10237,4.46,2.73,0.86,6.01,11.97,17.32,25.67,39.04
160907718,19339.87,9695.57,0.47130,0.23852,16.81,14.26,7.40,3.14,10.30,16.35,19.93,50.27
101146646,17801.24,6097.21,0.50616,0.24748,14.54,12.16,8.58,2.69,8.38,14.07,20.87,54.00
132636720,19817.23,8004.63,0.47858,0.20793,11.56,8.27,3.70,3.68,9.54,13.90,20.05,52.83
88343208,13520.54,5331.52,0.41847,0.15807,6.85,4.25,1.21,4.06,10.55,15.84,23.42,46.12
178430443,23275.56,10782.60,0.44176,0.17784,11.10,8.31,3.59,4.37,10.42,14.74,21.45,49.02
206686434,26765.92,12502.96,0.50853,0.23266,12.70,8.72,2.41,3.17,7.61,13.81,21.28,54.13
102948667,15887.14,6250.30,0.42547,0.17286,8.33,5.40,1.28,3.45,11.33,16.23,22.42,46.57
147545430,20306.28,8969.33,0.46501,0.20374,12.26,9.73,5.05,3.81,10.43,14.11,21.18,50.47
152666841,18146.54,9312.93,0.40264,0.14906,6.77,4.48,1.08,4.60,11.44,16.12,23.27,44.58
182316192,24122.28,11138.57,0.47263,0.20482,11.47,8.10,1.90,3.45,9.42,14.71,21.75,50.67
108962803,15846.83,6660.32,0.40141,0.14563,1.98,0.99,0.17,4.17,7.53,16.14,32.26,39.91
247815044,32246.59,15157.81,0.52186,0.23886,11.25,7.93,3.08,2.99,8.43,12.18,19.35,57.05
176043734,21253.62,10783.69,0.36072,0.12916,9.03,6.95,3.78,5.68,12.71,16.52,21.92,43.17
70304002,13279.94,4329.33,0.45550,0.21707,16.03,13.23,2.85,3.21,10.05,16.16,21.40,49.19
153780756,18568.07,9482.69,0.45790,0.20600,13.00,10.46,7.49,3.62,10.21,15.37,21.60,49.20
179216974,23130.74,11090.85,0.42639,0.16774,8.83,6.03,2.32,4.01,9.08,16.91,25.01,44.99
114377208,16646.37,7088.76,0.48668,0.21054,11.08,8.27,2.58,3.33,8.51,14.38,21.38,52.39
125127258,18192.39,7792.69,0.38944,0.14177,4.23,2.87,1.05,3.75,11.32,15.90,25.83,43.20
79270324,13115.54,4942.35,0.41980,0.16030,5.66,3.56,0.94,3.64,10.06,16.64,23.65,46.01
170067748,19317.10,10612.65,0.41933,0.16032,7.12,4.71,1.50,3.87,10.68,16.12,23.39,45.95
126699692,18144.02,7911.81,0.44241,0.17717,8.71,6.09,1.85,3.65,10.35,14.88,21.24,49.88
173165854,19897.26,10882.72,0.41317,0.15323,5.78,3.69,1.20,3.90,10.57,16.20,23.50,45.82
322253317,50054.88,20290.47,0.61380,0.33518,20.40,15.08,4.56,2.15,6.45,9.21,17.74,64.46
78039061,13722.36,4939.81,0.43035,0.17695,6.44,3.91,1.11,3.24,10.71,16.89,22.81,46.34
136391977,19001.39,8642.80,0.46893,0.19735,10.10,6.62,2.24,3.63,9.24,14.61,21.60,50.92
123862388,16838.28,7877.78,0.34554,0.11855,4.60,2.94,0.83,4.61,13.16,18.42,25.01,38.79
86321007,13938.48,5494.30,0.43863,0.17778,8.25,6.00,3.50,3.16,9.82,15.95,22.70,48.37
118547059,16451.16,7547.88,0.48391,0.20786,8.51,5.61,2.23,2.98,8.38,14.40,23.27,50.97
132532773,19757.42,8439.43,0.41594,0.18429,14.38,11.17,3.31,5.24,12.18,16.18,18.39,48.02
96707890,16011.24,6169.17,0.42319,0.16659,6.73,4.25,1.44,3.51,10.82,16.44,23.45,45.78
69352678,13884.42,4441.13,0.45299,0.19771,10.25,5.62,0.99,3.26,10.25,16.01,22.38,48.10
155947303,19186.43,10004.96,0.45774,0.18693,7.89,5.10,1.43,3.34,9.48,14.94,22.47,49.77
106042361,16384.79,6815.50,0.46774,0.20116,11.60,7.88,2.90,3.76,9.68,14.23,20.29,52.03
105352406,17166.76,6788.61,0.44266,0.17942,7.61,4.52,1.31,4.12,10.70,15.00,20.55,49.63
159805836,20911.52,10300.09,0.47127,0.21530,15.78,12.44,7.21,3.67,9.36,14.30,21.45,51.22
122372955,18229.25,7917.50,0.49376,0.21740,11.22,8.17,1.78,3.32,9.12,13.47,20.71,53.38
19330141,19310.83,1255.94,0.50773,0.24265,31.37,27.58,20.35,1.03,4.80,10.24,16.01,67.92
87251241,13400.59,5681.16,0.44102,0.17311,6.27,3.93,1.38,3.56,9.78,15.63,23.23,47.81
122016114,16818.21,8033.19,0.51340,0.22706,10.61,7.35,2.86,3.56,8.22,12.20,19.64,56.38
87630178,17386.94,5791.05,0.46050,0.19365,8.99,5.81,1.53,3.23,9.40,15.15,22.39,49.82
101823562,15852.96,6731.25,0.42801,0.17717,5.37,3.24,0.83,2.47,8.10,17.71,27.24,44.48
161964410,18330.06,10748.90,0.39955,0.14653,6.27,3.83,1.18,4.42,11.00,16.24,23.29,45.05
99018448,14190.09,6594.20,0.45338,0.18687,7.20,4.27,1.02,3.07,9.39,15.26,23.70,48.59
87376866,16617.89,5850.87,0.43675,0.18078,10.24,7.20,3.04,3.72,10.76,15.76,21.31,48.45
127218258,17574.01,8572.66,0.41625,0.15840,11.77,9.23,5.14,3.63,10.02,14.63,22.38,49.34
93545904,14900.59,6317.25,0.45957,0.18750,6.77,4.54,1.19,3.26,8.89,14.90,23.09,49.86
134887676,19416.68,9161.70,0.36356,0.13299,7.83,5.24,1.61,4.68,12.87,16.52,25.70,40.23
116792412,16928.89,8017.05,0.43130,0.19263,12.61,9.95,4.93,3.78,11.33,15.85,21.90,47.14
146679189,23241.83,10099.09,0.44428,0.18700,10.69,8.02,3.86,3.34,9.34,15.66,23.30,48.36
119425730,17233.15,8224.91,0.48560,0.21533,8.39,5.72,1.94,2.34,7.73,14.85,24.73,50.36
73921747,15076.84,5095.24,0.47258,0.21046,11.60,9.09,4.00,3.33,9.30,15.11,20.70,51.56
182613181,26756.51,12600.96,0.35430,0.11817,5.96,3.79,1.24,5.71,13.03,16.83,23.16,41.26
92609338,15450.34,6399.65,0.37363,0.13245,6.13,4.11,1.66,4.22,12.22,17.03,24.03,42.50
79053305,14989.25,5489.81,0.46665,0.19571,7.69,5.46,2.40,3.18,8.55,14.53,23.76,49.99
89291985,14211.68,6227.21,0.46625,0.20238,10.48,7.76,4.08,3.50,9.42,15.54,21.26,50.29
90638263,15971.50,6328.16,0.51514,0.25337,18.23,12.48,2.28,3.08,8.28,13.29,20.37,54.98
77008802,14356.60,5379.96,0.39091,0.14581,6.75,4.47,1.62,4.18,11.22,17.13,23.72,43.74
123696126,18498.00,8642.83,0.39057,0.14963,7.59,5.74,1.55,3.85,11.21,17.46,23.72,43.75
110841636,18663.35,7771.82,0.46429,0.19588,9.41,5.80,1.10,3.53,9.69,15.31,20.76,50.71
113052252,17123.94,7949.11,0.39433,0.14606,4.16,2.47,0.79,3.86,10.69,17.32,26.02,42.12
108251059,17434.54,7615.81,0.44511,0.18589,10.17,7.49,2.91,3.92,10.41,15.22,22.08,48.37
157573834,23458.96,11124.95,0.47141,0.20874,12.06,8.70,3.24,3.49,9.37,14.22,23.58,49.35
91070132,15618.27,6438.78,0.41326,0.16003,7.62,4.89,1.11,3.78,11.06,16.45,22.46,46.25
112683376,16279.02,8001.94,0.47752,0.21635,13.54,10.71,5.18,3.41,9.87,14.47,19.47,52.78
84179139,16110.84,5978.21,0.42834,0.17074,6.16,3.08,0.59,3.88,10.06,17.22,22.11,46.73
88744976,18011.97,6310.08,0.49110,0.22264,12.14,6.38,1.06,3.17,9.19,14.74,19.89,53.01
130309883,20437.56,9296.56,0.46564,0.20087,13.52,10.80,2.70,4.27,9.94,14.01,19.43,52.34
93898684,15228.46,6702.26,0.44874,0.18507,9.29,6.49,2.01,3.44,9.51,15.72,22.20,49.13
165418414,22672.48,11807.17,0.46610,0.18857,8.16,5.27,1.51,3.94,9.34,13.61,21.96,51.15
80827223,14346.33,5777.09,0.47068,0.19950,7.64,4.52,1.09,2.99,8.71,14.64,23.67,49.99
214499425,30369.45,15337.82,0.40391,0.14986,6.95,4.56,1.50,4.52,9.73,17.29,25.21,43.25
83760797,16151.33,5993.62,0.26741,0.07756,3.53,2.16,0.52,7.00,15.85,19.59,22.74,34.81
123844987,17634.20,8877.78,0.40391,0.15901,8.50,5.96,3.01,3.87,11.80,15.88,21.75,46.71
120695060,16904.07,8656.32,0.43335,0.17113,7.88,4.79,1.23,3.70,10.34,16.06,22.48,47.43
95888923,14795.39,6887.58,0.44514,0.18290,8.18,5.65,1.89,3.30,9.82,15.47,22.86,48.55
87682348,14674.87,6336.35,0.47288,0.20848,11.44,7.99,2.66,3.03,8.23,15.14,22.92,50.67
80162365,13828.25,5792.92,0.48355,0.21362,9.71,6.47,1.78,2.86,8.57,14.57,21.91,52.10
71522629,14972.29,5177.55,0.46494,0.19677,9.24,5.45,1.09,3.38,9.49,14.75,21.90,50.48
84558569,13809.99,6140.34,0.50171,0.22886,11.93,7.02,1.64,2.90,8.65,13.95,19.84,54.67
64207685,12626.88,4674.07,0.48771,0.21224,7.72,4.88,1.96,2.54,8.21,14.62,23.17,51.46
65095377,11867.89,4767.84,0.47334,0.20083,7.02,4.22,1.07,2.65,8.14,15.19,23.61,50.40
123571127,18996.33,9051.50,0.35591,0.12798,4.52,3.14,1.25,4.06,12.59,18.80,23.12,41.43
102259832,17865.10,7504.21,0.53894,0.27192,16.64,12.80,3.54,2.50,7.73,12.75,20.59,56.42
156833746,23619.54,11525.96,0.41437,0.14847,6.19,3.38,0.70,5.57,10.83,13.29,23.03,47.28
136999053,20719.76,10069.02,0.48513,0.21263,9.61,6.75,2.72,2.84,8.81,14.08,22.45,51.82
117704842,18262.97,8659.86,0.45961,0.18765,7.93,4.71,1.01,3.40,9.56,15.16,21.54,50.34
82136582,14115.24,6043.45,0.46217,0.19940,10.67,7.41,2.24,4.04,10.28,14.61,20.47,50.60
49194678,12536.87,3633.28,0.43991,0.18396,6.14,3.69,0.72,2.91,9.45,17.63,24.59,45.42
107669155,17673.86,7965.46,0.37286,0.12429,4.10,2.39,0.66,4.69,10.90,16.38,28.10,39.93
139267778,21911.23,10323.01,0.36159,0.12276,4.75,3.03,1.32,4.46,11.76,18.99,22.59,42.21
138330919,20042.15,10285.59,0.38225,0.13231,5.26,3.24,0.86,4.53,10.89,16.16,26.95,41.47
87878312,14612.29,6547.33,0.46349,0.19178,9.10,6.54,3.12,3.30,8.34,14.88,22.58,50.90
79140508,16371.64,5909.09,0.44686,0.18048,8.72,5.84,1.40,3.82,9.74,14.64,23.16,48.65
139104523,21073.25,10394.90,0.48915,0.20909,8.70,5.72,1.37,3.38,8.63,14.12,21.30,52.56
98571810,18369.70,7372.06,0.44221,0.17529,6.92,4.10,1.34,3.69,10.21,14.83,21.85,49.43
109037471,17575.35,8181.08,0.48437,0.21367,11.63,7.07,1.47,3.61,9.84,13.56,19.29,53.69
150757734,22344.41,11313.05,0.48296,0.20696,9.57,6.18,1.58,3.77,8.89,13.48,22.02,51.85
56904342,13105.56,4276.27,0.42704,0.17705,4.67,2.71,0.74,2.74,10.26,17.47,23.88,45.65
63343037,17614.86,4769.45,0.49626,0.22229,9.72,6.45,1.56,2.66,7.62,14.27,23.14,52.31
106329686,20530.93,8058.94,0.48224,0.20652,10.38,6.50,1.52,3.47,9.47,13.60,21.36,52.10
105407735,18151.84,7989.67,0.40894,0.15593,5.05,2.68,0.49,3.08,10.24,16.68,25.87,44.12
127161497,20636.40,9647.33,0.44828,0.17615,6.46,3.92,1.09,3.62,9.60,14.56,23.39,48.83
198838821,30122.53,15140.40,0.44424,0.20151,17.83,11.48,2.13,5.64,11.01,13.99,19.17,50.20
76907262,15070.99,5860.05,0.42866,0.16015,5.67,3.71,1.17,4.00,10.31,15.42,21.39,48.88
131527263,21027.54,10050.99,0.51132,0.24645,16.53,13.06,5.86,3.26,8.57,13.09,20.29,54.79
67041541,13541.01,5123.93,0.42991,0.16937,6.94,4.46,1.70,3.65,9.72,16.28,23.37,46.98
109841131,18961.01,8443.47,0.40937,0.15587,6.24,4.34,1.45,3.43,10.38,17.40,23.42,45.37
143606418,20076.39,11040.70,0.52919,0.27101,18.73,16.00,10.72,2.91,7.35,13.07,21.66,55.01
202892366,35483.10,15615.51,0.52072,0.23561,11.54,6.19,1.12,3.16,8.50,11.68,20.33,56.32
70797407,13752.41,5459.39,0.42479,0.16772,18.02,14.36,7.18,2.72,7.81,12.89,18.57,58.00
69520468,12922.02,5362.58,0.38083,0.13343,4.54,2.30,0.44,5.05,12.31,16.00,22.20,44.44
66443497,13836.63,5141.49,0.42857,0.17287,6.79,4.48,1.94,3.26,10.45,16.59,23.08,46.62
112391097,18063.50,8704.39,0.40501,0.15113,6.50,3.90,1.27,4.31,11.49,16.07,23.32,44.81
152602183,22584.31,11838.80,0.41409,0.15626,8.18,5.49,2.06,4.19,10.55,15.60,24.26,45.40
112149242,19730.69,8737.77,0.47439,0.20361,10.61,7.18,2.29,3.26,8.51,14.70,22.56,50.98
155259334,23678.41,12155.28,0.43533,0.18256,10.69,8.36,4.92,4.70,11.01,14.15,19.21,50.94
82912786,15028.60,6494.30,0.43899,0.17045,4.91,2.41,0.45,3.55,10.24,15.57,22.66,47.99
144294266,21194.81,11309.21,0.42553,0.16584,8.46,5.74,1.83,3.80,10.36,16.35,23.08,46.41
125434710,17550.68,9832.62,0.36531,0.12358,5.80,3.80,1.72,4.81,12.11,17.12,23.67,42.29
66173542,16246.88,5214.62,0.43760,0.18490,6.89,4.76,1.65,2.87,9.65,17.08,24.08,46.34
68061675,14655.83,5379.94,0.38632,0.14183,5.80,3.47,0.70,4.20,12.10,16.67,23.65,43.38
74979014,15510.76,5940.81,0.43326,0.17179,7.54,4.57,1.26,3.08,9.18,15.97,24.58,47.18
108388678,16353.15,8598.86,0.43589,0.16641,5.24,3.34,1.00,3.61,9.27,15.28,24.72,47.12
139289338,26074.38,11082.86,0.49907,0.23211,13.87,11.14,6.92,3.23,8.70,12.92,22.23,52.92
55053747,13884.93,4412.07,0.40775,0.15456,6.16,3.82,1.28,3.58,10.07,16.98,24.88,44.49
76776987,16366.87,6171.78,0.44164,0.18064,5.21,2.98,0.78,2.67,9.92,15.73,24.10,47.58
69077383,13533.97,5572.10,0.47392,0.19653,7.55,4.67,1.15,3.24,8.15,14.83,23.52,50.26
62113060,14656.22,5024.52,0.44206,0.17923,6.85,4.44,1.72,3.10,9.25,16.09,23.23,48.33
78530794,14103.95,6354.14,0.42193,0.16081,5.98,3.33,0.87,3.81,10.63,16.64,22.00,46.91
68959931,14033.36,5591.50,0.46088,0.19601,11.14,8.23,2.78,3.81,9.73,15.26,21.29,49.91
67764022,12863.33,5507.93,0.43498,0.17346,6.27,3.94,1.41,3.28,9.75,16.90,24.02,46.05
73265554,16924.36,5961.40,0.39687,0.14886,7.09,4.74,1.75,4.29,11.69,16.36,23.74,43.92
69226631,16069.32,5633.68,0.48924,0.24414,16.32,12.95,3.91,2.53,9.08,15.73,21.15,51.51
101928821,21826.30,8316.65,0.54440,0.29683,24.91,21.22,8.41,3.08,8.18,12.06,18.96,57.71
66653864,18623.60,5441.58,0.51467,0.24524,12.33,9.02,5.26,2.62,7.39,12.76,23.50,53.74
76765210,18686.76,6281.42,0.47286,0.20264,7.94,5.62,3.30,2.95,8.30,14.27,24.75,49.73
94150563,16399.68,7712.20,0.36156,0.12019,4.17,2.85,1.26,4.27,12.38,16.85,25.17,41.33
106903737,17071.82,8759.73,0.51252,0.23256,10.77,7.56,2.54,2.83,7.66,13.58,21.79,54.15
45920861,11200.21,3773.90,0.48496,0.21279,9.29,5.80,1.73,2.72,8.30,14.95,22.96,51.07
125685118,21127.10,10348.71,0.42071,0.16047,7.48,4.96,1.40,4.44,11.02,14.85,23.72,45.98
89469674,16540.89,7369.22,0.42775,0.17184,10.35,7.21,2.03,4.23,10.98,15.89,20.70,48.20
94564314,15802.86,7790.12,0.42367,0.16321,6.62,4.13,0.94,3.57,10.14,16.02,24.00,46.27
118755002,19331.76,9816.90,0.39558,0.14891,7.99,5.55,1.83,4.43,11.06,17.10,23.34,44.06
83734050,14697.92,6947.15,0.46262,0.18406,4.82,2.93,1.00,3.13,8.47,13.41,25.09,49.90
50100876,14347.33,4167.43,0.44073,0.17599,6.60,3.87,0.72,3.49,9.88,15.51,23.63,47.49
69580694,13613.91,5788.74,0.41669,0.15938,5.54,3.22,1.04,3.76,10.02,17.09,23.46,45.67
167294280,27447.79,13922.63,0.42749,0.18499,13.65,8.43,1.82,5.30,10.96,15.35,20.35,48.03
103235582,20809.43,8602.97,0.49344,0.22294,13.91,10.50,4.63,3.77,9.81,12.61,19.42,54.39
57168322,16000.09,4823.92,0.39615,0.14089,3.68,2.19,0.52,4.65,10.54,16.13,24.37,44.31
98706843,20037.93,8337.43,0.49542,0.22103,10.22,6.82,2.10,2.97,8.92,13.60,20.78,53.73
63396825,14973.27,5375.35,0.39505,0.15334,5.89,3.84,1.64,3.68,11.64,17.48,23.97,43.23
139561546,23206.11,11837.28,0.36315,0.12206,7.69,5.52,2.38,6.64,12.10,15.80,21.09,44.37
86766788,17542.82,7403.31,0.54644,0.26326,15.58,10.08,1.68,3.62,8.07,11.19,15.96,61.15
113506169,21388.01,9685.65,0.33791,0.10657,7.66,4.60,1.00,7.48,12.07,17.62,22.03,40.80
56334706,13013.33,4834.77,0.44701,0.18050,6.62,4.02,1.20,3.23,9.69,15.05,22.97,49.07
72989101,15592.63,6265.70,0.49651,0.23835,16.56,12.53,3.30,3.54,9.30,13.83,19.65,53.68
84831332,17075.55,7329.47,0.43443,0.17277,8.02,5.79,2.18,3.91,9.56,15.83,23.73,46.97
54941471,12128.36,4755.19,0.42403,0.16460,7.22,4.67,1.11,4.34,10.65,15.98,21.45,47.58
130014242,22619.04,11266.40,0.32836,0.10766,6.32,3.66,0.71,6.80,14.68,17.36,19.81,41.35
67100910,14558.67,5815.14,0.39712,0.14994,6.68,4.46,1.89,3.70,10.20,17.32,26.54,42.24
123846478,21935.26,10740.31,0.45568,0.18057,6.59,3.64,0.72,3.24,8.89,14.37,24.76,48.74
33008051,14521.80,2872.01,0.45246,0.18510,9.23,6.26,1.14,3.83,10.29,15.03,19.82,51.04
70963006,15221.58,6187.38,0.40387,0.15439,5.95,3.59,0.86,3.65,10.99,16.70,23.91,44.74
110281888,19682.65,9620.68,0.43237,0.17171,7.79,5.19,1.61,3.77,10.40,15.82,23.01,46.99
138378529,25850.65,12136.34,0.45461,0.18376,9.97,6.52,2.11,4.09,9.14,14.70,23.25,48.82
65883702,14792.03,5783.33,0.42238,0.18180,14.23,11.42,2.93,5.51,11.03,14.86,20.64,47.97
58052198,14066.44,5128.29,0.45327,0.18562,7.31,4.62,1.91,3.22,9.69,15.70,20.81,50.58
66896150,13538.99,5959.04,0.49562,0.21968,8.51,5.31,1.51,2.87,8.36,13.74,21.74,53.30
99237843,18866.51,8842.36,0.39306,0.17175,9.81,7.98,5.11,3.54,11.92,18.47,23.41,42.66
93899615,18148.36,8377.16,0.51104,0.26163,14.29,11.74,9.16,3.11,9.26,14.20,18.94,54.49
84659932,17681.69,7580.58,0.36397,0.13285,3.75,2.18,0.58,3.81,11.78,19.05,26.15,39.21
54312144,14742.71,4864.06,0.45298,0.19535,9.06,6.40,3.01,3.79,11.48,15.96,22.35,46.43
63031914,12161.28,5669.87,0.45466,0.17949,6.65,4.08,1.13,3.38,8.61,15.08,23.81,49.11
58521955,11863.36,5266.08,0.46219,0.19058,10.57,7.05,2.12,3.73,9.00,14.69,22.57,50.01
104835946,18078.28,9440.43,0.48708,0.22833,15.47,12.29,7.33,3.55,8.61,14.28,21.30,52.26
61200516,14797.03,5512.57,0.40968,0.15671,8.56,5.81,1.92,4.30,11.09,16.16,22.91,45.53
85310886,16980.67,7711.37,0.41617,0.16273,8.59,5.97,1.88,3.94,10.29,16.97,24.27,44.54
43588957,11645.46,3957.95,0.40148,0.15451,4.38,2.86,0.92,3.42,10.52,17.60,25.33,43.13
136089508,26481.71,12366.15,0.43010,0.16353,5.61,3.49,1.12,5.05,9.73,11.31,27.30,46.61
103009939,17678.04,9372.21,0.45322,0.18439,8.32,4.92,0.87,3.51,10.24,14.85,21.88,49.53
74408868,15396.00,6795.33,0.48869,0.21584,7.75,3.88,0.65,3.12,9.37,13.97,19.98,53.56
76358188,18043.05,6980.36,0.43946,0.17930,12.81,9.50,5.47,3.72,9.72,14.67,20.51,51.39
90728784,19693.68,8305.45,0.54476,0.29064,23.58,17.55,3.92,3.32,8.76,12.01,17.37,58.53
109084834,22367.20,10007.78,0.44511,0.17692,8.80,5.91,1.75,3.47,10.25,14.63,23.20,48.46
66517658,16164.68,6105.90,0.42278,0.15957,7.43,4.96,2.01,4.74,10.26,15.55,22.30,47.15
74172192,15255.49,6814.17,0.38253,0.13494,5.63,3.30,0.76,4.90,11.99,16.37,22.70,44.04
71594765,14869.11,6581.61,0.12918,0.02207,1.27,0.63,0.11,14.84,15.75,18.52,25.44,25.44
62227516,13554.24,5724.18,0.44513,0.17849,9.48,7.05,1.95,3.48,9.25,15.42,22.70,49.14
99658700,19139.37,9170.76,0.37475,0.13028,6.93,4.68,2.36,4.74,12.11,17.42,23.52,42.21
109923354,21118.80,10121.86,0.39538,0.15409,9.61,6.15,1.32,6.46,12.58,15.31,17.67,47.98
119193326,21257.95,10995.69,0.38237,0.14981,4.36,2.67,0.84,2.95,10.31,19.14,28.86,38.74
101124009,18592.39,9340.85,0.41341,0.16160,6.90,4.34,1.09,3.45,10.97,16.32,24.44,44.82
139634218,26051.16,12906.39,0.39888,0.15024,7.26,4.74,1.55,4.33,12.40,16.84,19.75,46.68
70068876,14408.57,6477.06,0.42252,0.16069,7.19,4.64,1.41,4.03,10.36,16.06,22.40,47.14
78790080,15792.76,7310.95,0.43153,0.17099,7.08,4.41,1.05,3.74,10.62,15.92,21.90,47.81
123387566,22740.06,11461.92,0.45861,0.19069,10.42,6.91,2.41,3.26,9.44,14.85,21.35,51.11
94467618,19243.76,8809.81,0.44290,0.18221,7.00,4.10,0.80,3.13,9.24,16.13,24.72,46.78
51429577,12828.53,4834.52,0.44795,0.18184,7.15,4.34,1.11,3.90,10.08,15.36,21.09,49.57
60437822,13599.87,5682.92,0.46391,0.19778,11.45,7.09,1.63,3.77,8.98,15.38,21.20,50.67
74270825,18961.15,6987.56,0.50535,0.22845,10.51,6.33,1.06,3.58,8.95,13.03,17.86,56.58
50415555,12808.83,4743.65,0.40002,0.14739,4.78,2.64,0.59,4.42,11.31,16.66,23.22,44.39
80579393,17162.81,7590.37,0.50969,0.24496,15.61,10.70,3.45,3.15,9.19,14.08,18.89,54.69
84132202,17965.45,7931.01,0.41649,0.16278,10.89,8.54,4.85,4.66,11.46,14.88,21.03,47.97
84026680,18398.66,7929.29,0.38340,0.14224,5.47,3.34,1.15,3.85,11.85,17.97,24.48,41.86
48402278,11768.12,4571.43,0.48521,0.22173,10.62,6.10,1.24,2.91,8.49,15.55,21.64,51.41
101359480,19808.38,9613.91,0.49404,0.21382,9.54,6.27,1.51,3.08,8.34,14.48,20.17,53.93
47274344,11771.50,4489.49,0.42481,0.16434,9.22,7.08,4.40,3.37,9.27,16.20,22.66,48.50
149018373,28084.88,14212.53,0.51212,0.24535,16.15,13.08,8.84,3.55,8.94,12.03,19.41,56.06
37397374,25720.34,3570.50,0.27109,0.08600,4.18,2.31,0.36,5.24,16.72,20.56,23.07,34.40
150479960,26699.78,14382.10,0.46527,0.18451,6.94,3.85,0.79,3.62,9.13,13.91,22.55,50.79
88658839,20836.39,8475.18,0.49239,0.23400,9.50,6.11,1.43,2.02,8.51,15.37,23.45,50.66
42252558,11303.52,4066.66,0.44145,0.18244,11.50,8.41,4.44,2.39,7.72,14.89,22.28,52.71
79333568,18104.42,7647.35,0.55810,0.28737,18.79,13.53,3.87,2.45,7.12,12.43,17.47,60.52
63615423,14739.44,6142.86,0.44388,0.17859,8.03,5.27,1.50,3.34,9.77,14.98,23.68,48.22
76874149,15850.34,7441.83,0.50267,0.24866,18.97,15.22,3.50,3.50,8.70,13.18,20.78,53.85
65913158,15152.45,6388.79,0.43801,0.17422,7.90,4.97,1.03,3.86,9.59,16.30,22.85,47.40
70302742,15816.14,6818.89,0.39373,0.15461,10.08,7.73,3.34,4.77,11.72,16.86,21.81,44.84
44778576,13143.11,4349.97,0.42186,0.16324,6.77,4.12,1.15,3.59,10.33,16.25,22.26,47.56
104559180,23763.45,10159.27,0.52089,0.25720,15.82,13.02,6.83,3.04,8.04,12.96,21.33,54.63
50946331,12563.83,4954.90,0.43619,0.17236,6.40,3.69,0.77,3.34,9.21,16.87,22.95,47.62
57574568,13190.05,5606.64,0.48310,0.20717,8.24,4.91,0.94,2.92,8.08,14.27,22.90,51.83
82855291,16518.20,8100.83,0.37916,0.13517,6.05,4.00,1.41,4.34,12.08,16.80,24.06,42.72
56912999,15386.05,5584.09,0.46935,0.20108,8.22,4.32,0.74,2.84,9.37,15.47,22.42,49.89
56408433,13411.42,5556.93,0.29968,0.08592,1.68,0.84,0.16,6.07,12.58,18.01,29.74,33.60
69407824,16396.84,6904.19,0.37241,0.13283,3.98,2.33,0.62,4.13,11.96,17.60,26.07,40.25
44947419,14214.87,4483.53,0.44570,0.19220,8.22,4.86,1.23,2.97,10.13,16.20,22.66,48.04
54696564,13243.72,5457.65,0.45462,0.19073,8.56,6.18,2.84,3.35,9.44,14.97,22.20,50.04
100543671,23729.92,10045.33,0.53900,0.26087,14.55,10.43,3.69,2.72,7.68,12.64,19.37,57.60
58834057,14163.23,5881.64,0.42390,0.16170,6.46,4.07,1.45,3.95,10.33,16.49,22.70,46.53
58890916,17074.78,5892.04,0.43638,0.19394,12.05,8.38,1.67,4.20,11.70,15.78,20.03,48.29
67132669,15851.87,6734.14,0.45775,0.18712,6.66,4.19,1.31,3.16,8.86,15.15,24.35,48.48
56678204,15988.21,5700.31,0.50684,0.26603,21.94,18.52,6.29,3.53,9.35,14.47,17.50,55.15
42466103,12876.32,4276.12,0.40020,0.14978,3.86,2.17,0.58,3.49,10.45,17.38,25.02,43.66
42396552,14813.61,4270.83,0.58227,0.32819,26.50,20.29,2.90,2.62,7.45,11.51,16.40,62.02
60905272,14898.55,6137.79,0.45273,0.19326,11.27,8.26,3.67,3.59,9.54,15.49,21.66,49.72
44487132,13252.05,4494.10,0.45421,0.19009,7.55,5.11,2.19,3.28,9.20,15.27,24.12,48.13
76047684,16414.35,7727.64,0.45832,0.18606,5.99,3.40,0.69,2.93,9.19,14.81,23.46,49.61
62343300,15095.23,6343.44,0.40213,0.15043,6.85,4.32,1.55,4.22,11.61,16.53,23.06,44.58
89565132,17802.65,9114.19,0.52941,0.24396,12.56,9.03,2.08,3.34,7.79,11.56,19.37,57.94
66597800,16020.64,6778.40,0.38793,0.15386,10.25,7.44,2.86,4.76,11.99,17.70,22.45,43.11
55809405,14713.79,5697.16,0.49410,0.23913,15.66,12.48,2.13,2.80,8.90,14.73,20.35,53.22
172675014,38595.22,17641.50,0.51016,0.23939,14.31,9.52,2.21,3.02,9.22,13.39,20.06,54.31
118554781,23555.49,12124.65,0.37558,0.13286,4.88,2.93,0.80,4.14,11.97,17.53,24.93,41.43
148164461,25925.54,15163.69,0.38965,0.13621,4.97,2.72,0.57,4.17,10.60,17.71,24.21,43.30
93939885,25361.74,9619.07,0.53542,0.24543,6.29,3.37,0.56,2.38,6.88,12.49,20.37,57.88
60325826,14724.39,6177.13,0.34258,0.12773,2.60,1.27,0.25,4.46,12.53,18.93,26.26,37.83
66231925,17131.90,6786.75,0.51951,0.27083,21.33,15.96,3.38,3.25,9.10,13.15,18.45,56.05
53542975,13161.99,5490.46,0.42846,0.16680,6.58,4.13,1.48,3.53,10.08,16.75,22.93,46.71
174621162,39677.61,17919.05,0.58685,0.32322,24.40,20.06,6.12,3.84,6.92,9.74,13.85,65.66
63915166,14819.19,6563.48,0.46027,0.19138,7.88,4.85,1.28,3.33,9.57,15.06,22.21,49.83
47149476,12092.71,4850.77,0.47996,0.20496,7.52,4.54,0.81,3.05,8.32,15.16,22.56,50.92
85793085,18789.55,8826.45,0.37616,0.12842,5.45,3.49,1.14,4.94,12.88,15.30,23.13,43.74
51151791,13485.84,5264.70,0.42080,0.16649,7.56,4.89,1.50,3.48,10.47,16.55,22.81,46.70
77103903,16613.64,7945.58,0.43938,0.17546,8.05,5.47,2.58,3.50,9.57,15.68,23.50,47.75
117035757,22157.47,12099.22,0.44192,0.17788,10.13,6.85,2.09,4.30,10.66,14.85,21.13,49.04
66495758,15805.98,6874.37,0.39427,0.14483,4.96,2.84,0.80,4.17,11.54,16.00,25.56,42.73
132442336,26335.72,13716.07,0.45323,0.22075,16.23,13.25,8.25,5.02,11.21,15.06,16.05,52.65
90422726,23455.96,9406.30,0.54377,0.26088,12.74,6.97,1.10,2.99,7.82,12.28,17.60,59.32
85157096,18777.75,8877.00,0.44678,0.18354,9.98,6.84,2.32,4.11,9.99,14.95,21.83,49.12
156476973,23178.34,16316.68,0.40399,0.15305,10.06,7.88,3.88,5.61,11.22,15.51,21.74,45.92
41430817,11637.87,4323.82,0.42815,0.15850,5.06,2.56,0.45,3.81,9.91,15.58,24.32,46.38
89843980,18275.83,9382.20,0.42958,0.16327,6.83,3.79,0.81,3.74,10.12,16.15,21.70,48.28
59502518,14431.85,6227.37,0.50624,0.22267,10.41,7.39,3.31,3.21,8.02,13.99,20.46,54.33
68593483,15012.80,7210.50,0.42494,0.16561,7.29,4.46,0.95,3.87,10.60,16.23,22.72,46.59
43203938,12270.36,4563.64,0.45636,0.18904,7.56,4.85,1.65,2.68,7.66,14.85,23.90,50.90
79812527,20838.78,8554.40,0.47507,0.20575,11.86,9.14,3.53,4.45,10.38,14.05,20.17,50.95
37398530,12967.59,4033.93,0.44357,0.18692,6.01,4.02,1.67,2.97,9.43,16.41,23.42,47.77
72860847,16960.16,7859.85,0.42602,0.16818,8.85,6.07,2.26,4.07,10.98,15.65,21.22,48.09
51422331,15000.68,5576.05,0.39779,0.15185,6.55,4.30,2.17,3.78,11.69,17.13,21.96,45.43
45604255,16012.73,4954.83,0.47491,0.23454,20.47,15.17,2.66,4.08,9.91,14.34,19.10,52.58
60178091,15790.63,6551.78,0.50801,0.25430,20.60,15.15,2.77,3.61,9.26,13.36,18.60,55.16
105079527,21532.69,11441.59,0.43438,0.18307,14.25,11.87,2.58,4.91,10.31,14.78,20.71,49.28
50705098,13021.34,5541.54,0.46398,0.18986,6.77,4.26,1.05,3.26,7.97,14.36,24.51,49.90
62933158,15960.73,6902.08,0.40425,0.15544,6.59,4.41,0.88,3.66,10.58,18.00,23.59,44.16
79314280,18300.48,8722.56,0.41153,0.15136,6.49,4.19,1.35,4.47,10.36,16.54,24.27,44.35
48177363,13640.25,5321.70,0.42633,0.16349,5.16,2.52,0.44,3.86,10.11,15.82,23.31,46.91
121631085,26903.58,13442.87,0.59472,0.38210,32.39,30.52,25.91,2.27,7.04,10.97,17.13,62.59
77660655,18381.22,8586.98,0.42905,0.17514,7.52,5.19,2.13,3.22,10.42,16.55,22.85,46.96
53179006,15001.13,5889.15,0.45294,0.21869,17.08,13.88,5.60,4.14,11.17,15.13,19.64,49.92
48682055,16413.37,5401.91,0.41944,0.16241,6.36,3.09,0.44,4.34,11.42,15.71,20.67,47.86
194348491,43265.47,21599.08,0.53206,0.25469,14.51,9.95,3.43,2.52,7.43,11.51,22.93,55.62
91817582,21655.09,10208.76,0.43372,0.16659,9.49,6.74,2.33,4.41,10.65,14.69,21.26,49.00
72549164,18583.29,8086.18,0.45248,0.18900,11.39,8.06,3.70,3.66,9.76,14.81,20.75,51.01
100596624,24937.19,11218.54,0.47233,0.19225,5.40,3.10,0.87,3.81,7.98,12.08,25.53,50.60
77167466,20975.12,8623.03,0.45353,0.17447,6.91,4.14,1.10,4.00,9.45,13.95,21.25,51.35
41394543,15069.00,4630.78,0.39660,0.15690,2.06,1.06,0.28,4.40,8.58,10.89,37.00,39.13
80807923,18146.85,9090.78,0.50800,0.22720,12.09,7.85,2.62,3.26,8.68,13.15,19.44,55.47
85112263,20322.89,9592.28,0.45271,0.20674,15.88,10.37,2.23,4.85,10.85,14.95,18.41,50.94
75818892,17251.17,8544.90,0.46486,0.19718,9.31,6.24,1.75,3.07,9.39,14.79,23.42,49.34
63022566,20382.46,7140.56,0.45209,0.18255,6.28,3.56,0.99,3.17,9.58,15.32,23.95,47.97
105223770,24573.51,11961.32,0.53144,0.24377,11.34,6.44,1.28,3.99,8.14,12.00,15.68,60.18
47045741,14471.16,5369.91,0.44391,0.20950,16.20,13.54,4.73,3.91,10.80,16.30,21.35,47.64
73666395,18198.22,8410.37,0.49980,0.21589,11.16,8.10,4.78,3.56,7.72,12.18,20.34,56.19
48430681,14127.97,5543.81,0.42809,0.17028,5.02,3.11,1.06,3.11,9.88,17.78,24.42,44.82
71732248,16141.37,8229.95,0.40427,0.14941,10.26,7.65,4.54,4.07,10.86,14.69,22.44,47.94
70070498,17552.73,8046.68,0.46154,0.19292,13.28,10.08,4.41,2.73,7.95,13.69,21.31,54.32
53647330,14746.38,6177.01,0.42667,0.16813,7.26,4.62,1.81,3.07,9.39,16.21,22.93,48.40
41273472,14005.25,4757.20,0.43623,0.17471,8.96,5.29,0.87,4.15,10.53,15.59,21.44,48.30
79483788,19950.75,9171.91,0.45059,0.18088,9.05,5.96,1.99,3.71,9.77,14.73,21.56,50.23
41122641,12123.42,4757.91,0.47051,0.19489,5.55,3.07,0.68,2.46,7.85,15.57,24.10,50.02
68153301,18494.79,7892.68,0.42534,0.16301,5.36,3.25,0.61,3.78,10.14,14.92,25.86,45.31
48138457,13714.66,5585.16,0.45866,0.19111,7.08,4.74,2.16,3.00,8.48,15.68,24.48,48.36
64985198,16431.15,7546.77,0.46145,0.19665,11.28,7.53,1.50,3.82,10.52,14.38,19.66,51.62
98444821,25287.65,11472.42,0.43679,0.16898,7.47,4.61,0.93,4.20,10.20,15.91,22.03,47.66
102662490,24554.53,11963.93,0.40543,0.16249,4.97,3.08,1.00,3.31,10.35,14.96,29.45,41.93
39667453,13923.29,4623.25,0.41602,0.16088,7.13,4.86,1.43,4.01,10.95,16.56,22.38,46.10
204863304,31054.01,23899.13,0.43012,0.17128,6.94,4.11,1.12,3.23,10.47,16.24,23.85,46.21
46244913,14694.92,5394.88,0.46190,0.20198,12.71,9.83,2.43,3.96,9.78,14.54,20.50,51.21
103431796,26198.53,12111.45,0.52745,0.24743,14.37,9.12,2.25,2.99,8.14,12.33,19.20,57.34
59970218,18705.62,7031.33,0.50271,0.23078,11.56,7.52,2.37,2.78,8.13,14.35,22.96,51.77
61148712,17166.96,7181.29,0.43198,0.16397,5.88,3.49,1.00,3.68,9.78,14.61,24.45,47.48
49928473,14228.69,5873.25,0.48030,0.20799,9.57,5.88,1.07,3.08,9.00,14.63,20.73,52.56
67634246,15895.24,7961.65,0.41012,0.16166,8.87,6.58,2.96,4.48,12.17,15.91,21.25,46.20
53915173,16239.51,6356.42,0.48034,0.22571,15.09,12.52,5.68,3.07,9.09,14.17,19.88,53.79
127404926,31504.68,15031.26,0.63182,0.34406,17.00,11.79,2.78,2.26,6.08,8.80,11.40,71.46
53120485,19769.44,6292.41,0.56154,0.27361,10.67,5.68,0.91,2.58,6.73,11.03,19.33,60.32
30649975,11133.30,3635.39,0.50018,0.24211,15.41,12.53,8.55,2.83,8.19,13.66,20.81,54.52
30132971,11943.31,3582.99,0.42476,0.18571,6.04,2.90,0.48,2.82,11.00,17.86,22.00,46.32
35482331,12101.75,4242.27,0.43426,0.17276,5.49,3.35,0.98,3.30,9.23,16.98,24.61,45.88
47194196,15981.78,5665.57,0.40952,0.15460,4.91,3.04,0.82,3.73,11.23,16.60,22.45,45.99
237607455,58380.21,28745.16,0.54591,0.27558,18.60,13.79,6.23,4.18,8.04,10.86,16.18,60.74
127977914,28928.10,15497.45,0.49329,0.22346,14.70,10.91,4.45,3.82,8.77,13.32,20.47,53.62
50182428,14391.29,6087.88,0.47824,0.22241,14.56,10.48,2.32,3.14,9.80,15.41,19.87,51.77
40807072,13197.63,4954.12,0.40862,0.15496,5.35,3.30,0.77,3.93,10.72,16.41,22.95,45.99
38217460,12550.89,4640.29,0.45004,0.17915,5.45,3.07,1.06,3.07,8.38,15.23,25.18,48.14
90455996,22423.40,11028.53,0.48609,0.21766,13.93,10.57,2.77,3.87,9.44,13.17,19.92,53.59
108345355,25858.08,13217.68,0.47896,0.20187,9.69,6.45,2.84,3.63,7.89,13.33,25.19,49.95
91483284,23811.37,11216.69,0.45464,0.18082,7.85,5.35,2.33,3.66,9.11,14.22,23.80,49.21
46373898,14628.99,5702.64,0.48405,0.20275,7.56,4.67,1.35,3.07,8.43,14.45,22.00,52.04
34601119,11626.72,4255.46,0.48244,0.21412,7.25,3.82,0.56,2.35,7.65,16.06,23.77,50.18
40953191,14029.87,5037.91,0.42789,0.19382,13.06,6.79,0.97,3.99,11.44,16.88,20.15,47.54
42379662,13331.13,5216.60,0.46195,0.19251,7.03,3.71,0.78,3.61,9.53,15.70,21.52,49.64
44759510,16359.47,5514.29,0.41428,0.16141,8.56,6.28,3.46,4.26,10.94,15.47,21.36,47.97
52276187,15174.51,6449.07,0.49966,0.22270,8.98,4.89,0.86,3.66,8.85,13.57,19.07,54.85
35063430,12699.54,4326.15,0.52408,0.27244,19.79,10.61,1.63,2.64,7.72,13.95,21.45,54.23
70147135,18074.50,8664.42,0.34089,0.11406,6.55,3.93,0.83,5.96,14.13,15.87,23.69,40.34
60980711,15184.44,7533.13,0.45344,0.18594,9.62,5.89,1.40,4.43,10.03,14.30,19.42,51.82
45269340,13950.49,5597.79,0.42468,0.16306,5.73,3.41,0.96,3.38,9.59,15.82,24.60,46.61
67910695,17754.43,8398.55,0.43034,0.17319,8.98,6.42,1.59,3.87,10.56,15.66,22.67,47.25
75239476,18103.82,9319.89,0.42125,0.17287,9.52,6.88,2.66,4.21,11.46,16.27,22.18,45.88
75475615,19011.49,9363.06,0.39182,0.14621,7.86,5.08,1.10,4.52,12.07,15.13,25.38,42.91
39002664,12476.86,4840.24,0.49703,0.20888,6.20,3.10,0.62,3.37,8.24,13.58,21.37,53.45
48712617,15361.91,6082.99,0.48895,0.20981,11.30,6.74,1.77,4.33,9.16,12.81,19.17,54.53
47571097,15360.38,5943.42,0.41692,0.16051,7.82,4.39,0.98,3.94,11.06,16.37,22.72,45.90
153095162,35194.29,19129.72,0.64251,0.40523,25.57,22.39,17.41,2.85,7.08,8.26,14.88,66.93
42267050,15236.86,5300.61,0.43748,0.17828,5.04,3.20,0.52,2.77,10.95,14.29,24.49,47.51
107494605,30043.21,13489.10,0.35599,0.14068,7.12,4.87,1.95,3.64,12.66,20.40,24.34,38.96
75040712,18959.25,9418.94,0.39394,0.14162,7.04,4.30,0.84,5.19,11.53,15.91,23.82,43.55
39114926,12634.02,4912.70,0.46450,0.19165,8.52,4.74,1.04,3.38,8.72,15.19,22.27,50.44
48264355,15793.31,6062.60,0.40498,0.14972,6.91,3.63,0.73,4.49,11.61,16.48,22.03,45.39
73778650,19758.61,9269.84,0.42801,0.17812,9.86,7.52,1.53,3.52,10.61,16.65,22.95,46.26
69394052,17479.61,8733.21,0.48296,0.21695,4.00,1.95,0.31,2.46,8.53,12.91,23.94,52.16
106338569,25312.68,13386.02,0.50694,0.23360,11.18,7.51,1.47,3.70,9.45,12.80,16.83,57.23
47041243,16044.08,5939.55,0.44577,0.18559,9.54,7.14,1.58,3.94,9.75,15.02,22.48,48.80
42589794,12373.56,5378.18,0.36559,0.12371,2.10,1.05,0.19,4.20,10.95,16.94,28.67,39.23
37769628,12670.12,4771.30,0.41473,0.16929,4.36,2.26,0.36,3.09,9.40,17.31,28.17,42.03
65277731,17444.61,8267.19,0.41484,0.15597,5.99,3.12,0.54,3.84,10.58,16.07,22.81,46.70
101214213,23927.71,12820.04,0.25904,0.08739,4.05,2.44,0.76,6.91,17.22,20.41,20.99,34.47
43982874,18077.63,5587.26,0.57211,0.29942,19.70,11.25,1.88,2.54,7.26,11.93,18.11,60.16
70621634,18295.76,8971.24,0.42255,0.16007,6.59,4.54,1.79,3.70,10.29,15.00,24.91,46.10
40318158,12295.87,5141.97,0.44609,0.17764,6.51,3.73,0.83,3.16,8.68,15.80,24.84,47.52
85321054,21865.98,10928.79,0.57623,0.31481,18.62,14.62,3.32,1.78,6.68,13.30,18.47,59.77
103488170,24781.65,13255.82,0.45671,0.19320,11.65,8.10,2.55,4.51,10.28,13.40,19.97,51.84
84344350,26104.72,10818.93,0.48290,0.22047,15.42,11.73,3.60,3.78,9.45,14.08,20.88,51.81
58474940,17725.05,7502.56,0.46161,0.22015,16.31,14.44,4.74,4.00,10.89,14.41,19.12,51.58
75973718,21443.33,9753.98,0.50761,0.26461,23.99,15.02,2.71,4.07,9.82,12.87,18.19,55.04
63593587,17778.47,8193.99,0.48672,0.22660,14.52,9.80,2.27,3.05,9.50,13.89,20.32,53.24
76758066,19937.16,9908.10,0.27203,0.08598,3.65,2.32,0.62,5.96,16.76,19.43,23.12,34.73
66919409,19544.22,8658.22,0.41336,0.15382,6.89,4.94,2.87,4.24,10.59,14.93,24.47,45.78
75717480,20337.76,9824.51,0.49148,0.21372,10.04,5.82,1.10,2.92,8.70,14.05,20.62,53.71
60873556,16728.10,7916.97,0.41343,0.15735,7.41,4.02,0.73,3.95,10.93,16.52,22.55,46.05
47716319,14507.85,6208.21,0.37857,0.13854,6.06,3.94,1.30,4.32,11.90,17.08,24.16,42.54
33235917,13831.01,4326.47,0.44234,0.19447,7.09,5.38,3.39,2.28,8.72,16.80,26.25,45.95
31811348,11414.19,4141.56,0.47926,0.20798,7.74,3.87,0.55,3.18,8.88,14.59,21.14,52.21
55150054,16507.05,7187.55,0.40283,0.15145,4.31,2.26,0.49,3.48,10.87,16.50,25.02,44.14
99495938,25220.77,12995.81,0.44217,0.17633,8.63,5.40,1.34,3.71,8.99,15.88,24.10,47.32
56877599,17484.66,7429.15,0.57206,0.30890,16.72,8.36,1.57,2.62,7.26,11.84,18.54,59.74
59573851,16370.94,7792.52,0.40769,0.16109,9.90,6.99,2.12,4.51,11.60,15.99,22.37,45.53
138181038,36430.54,18105.48,0.40689,0.16834,6.43,4.16,1.04,2.52,11.76,19.34,22.18,44.20
66541257,19946.42,8722.15,0.47886,0.22350,14.98,11.98,4.87,4.12,9.25,14.73,19.06,52.84
53378161,14843.76,7003.17,0.40714,0.16856,9.28,6.54,1.84,3.81,11.67,17.17,23.28,44.08
41339813,12512.05,5428.73,0.44698,0.17946,5.26,3.07,0.75,3.00,8.57,15.79,25.39,47.25
38892698,15810.04,5110.06,0.41076,0.14907,5.40,3.26,0.84,5.06,11.48,14.73,20.19,48.54
53271471,17437.47,7005.72,0.56621,0.28258,15.84,10.31,2.16,3.67,6.92,11.11,14.25,64.05
91886446,26875.24,12096.69,0.38246,0.13991,4.34,2.63,0.85,4.34,9.17,17.58,29.75,39.16
82261399,22414.55,10855.29,0.53190,0.25107,12.98,7.52,1.30,3.63,7.83,12.60,18.40,57.55
53656499,19328.71,7088.04,0.47774,0.20681,8.17,5.37,1.51,2.72,8.94,14.28,23.11,50.94
29852109,13897.63,3946.08,0.41502,0.15585,5.72,3.09,0.64,3.92,10.35,16.34,22.86,46.53
40934408,13303.35,5412.46,0.50735,0.23375,11.74,7.26,2.14,2.67,8.28,13.67,21.99,53.39
64072436,16950.38,8479.68,0.36646,0.12514,5.24,3.06,0.59,5.11,12.26,17.39,23.89,41.35
48021185,15465.76,6356.21,0.46145,0.19565,8.68,4.27,0.85,3.22,9.70,15.13,21.14,50.81
58489960,16402.12,7743.94,0.41436,0.16227,8.69,5.45,1.80,3.99,10.17,17.17,24.23,44.44
29868288,11216.03,3967.63,0.47019,0.20017,4.48,2.79,0.48,2.48,8.01,14.98,23.57,50.96
47965511,14877.64,6378.39,0.37225,0.13287,4.32,2.54,0.61,3.67,11.61,17.96,25.08,41.68
34329700,13820.33,4568.76,0.47390,0.19061,5.64,2.83,0.51,3.18,8.43,13.38,22.19,52.83
98978688,25333.68,13183.10,0.29756,0.09356,5.44,3.49,0.99,7.28,15.49,17.41,20.98,38.84
38323906,13215.14,5105.77,0.52776,0.26325,17.06,13.91,2.23,2.94,8.11,13.72,19.64,55.58
52034649,13991.57,6944.43,0.45291,0.19202,10.09,6.28,1.13,3.40,9.23,16.29,22.06,49.01
63467783,17808.02,8473.67,0.41146,0.15074,6.23,4.25,1.96,4.27,10.29,16.10,24.35,44.99
61979376,16976.00,8276.06,0.44901,0.18411,10.25,5.99,1.08,3.75,10.13,15.73,22.07,48.32
50707783,15015.63,6777.30,0.39474,0.15538,4.96,3.16,0.96,3.20,9.96,18.68,26.97,41.20
104834790,25581.94,14075.56,0.61071,0.32307,13.56,8.34,2.06,1.95,6.61,9.80,12.81,68.82
36496746,12460.48,4902.84,0.46995,0.19671,5.73,2.94,0.42,2.90,8.35,16.40,22.85,49.51
38073796,13705.47,5115.38,0.48574,0.22979,14.09,8.41,1.45,2.89,9.58,15.60,19.62,52.31
41380545,14789.33,5560.41,0.48907,0.21214,8.94,4.47,0.64,3.39,8.60,13.62,21.52,52.87
138058812,36446.36,18613.83,0.54857,0.26303,14.91,10.97,3.39,3.25,7.26,11.95,17.53,60.01
39724668,12802.02,5363.85,0.52033,0.25407,9.10,6.80,3.43,1.90,6.72,14.53,22.04,54.80
83378209,21838.19,11287.15,0.48910,0.21257,11.89,6.49,1.03,4.30,8.16,12.81,21.88,52.84
130529935,28125.39,17691.78,0.49942,0.22473,12.85,9.19,3.84,3.64,8.73,12.89,19.80,54.94
77945051,21066.23,10567.39,0.38365,0.15067,8.48,4.63,0.83,6.98,13.53,14.15,18.63,46.71
43626687,16753.72,5920.30,0.43612,0.17312,8.41,5.61,1.02,3.61,9.90,15.51,24.79,46.19
31859514,12160.12,4325.80,0.44349,0.18692,9.86,6.83,1.76,3.47,9.54,16.44,23.61,46.95
57652204,19027.13,7835.31,0.61943,0.36147,26.44,18.01,4.00,2.49,6.35,10.75,15.51,64.90
44910064,15752.39,6109.38,0.46648,0.19765,7.49,4.34,0.92,3.20,9.59,15.51,22.67,49.02
66279249,19436.73,9031.10,0.43813,0.18137,9.65,6.92,2.84,3.86,10.45,15.83,22.39,47.48
42618994,12930.52,5813.53,0.41752,0.16433,8.34,5.26,1.15,3.49,9.95,17.28,23.55,45.72
32035192,11577.59,4372.81,0.41727,0.15532,6.17,3.61,0.57,4.52,10.28,15.85,22.88,46.46
70115374,21024.10,9586.46,0.50340,0.23354,13.70,10.11,3.90,3.24,8.59,13.33,20.79,54.06
108063453,32296.31,14807.27,0.44910,0.19847,6.53,4.65,2.22,2.69,8.66,13.41,30.39,44.85
62178293,18796.34,8558.61,0.35651,0.12787,8.63,5.93,2.17,4.31,11.87,17.98,23.50,42.35
65313429,16938.13,8992.62,0.45215,0.18432,8.20,5.39,1.68,3.46,9.17,15.23,22.99,49.15
78468854,18727.65,10833.75,0.36950,0.12518,5.15,3.14,0.97,4.93,12.07,17.15,23.94,41.91
67303330,17086.40,9312.76,0.44298,0.19359,13.50,10.44,3.78,3.82,10.38,15.89,21.76,48.15
61155700,16102.08,8465.63,0.40334,0.14662,4.75,2.91,0.91,4.00,10.44,16.76,24.02,44.78
55104176,17166.41,7660.81,0.47007,0.20385,11.51,9.16,5.63,3.52,8.77,14.65,21.22,51.84
43462863,16538.38,6049.95,0.45319,0.17773,5.17,2.88,0.64,3.46,8.14,13.53,25.62,49.25
55816004,16450.34,7784.66,0.38165,0.14189,6.57,4.36,1.30,3.57,11.34,18.28,24.31,42.49
36020670,14305.27,5030.12,0.43841,0.17775,9.54,7.47,1.53,4.19,10.21,15.67,21.38,48.55
73148059,19133.68,10295.29,0.41292,0.15998,3.37,2.01,0.51,3.38,10.23,15.16,26.70,44.53
69832939,18002.82,9831.47,0.49720,0.23070,11.72,8.25,3.35,2.70,8.10,14.18,22.80,52.22
48044246,16143.90,6769.66,0.44161,0.18234,7.62,4.72,0.87,3.48,10.55,15.05,23.21,47.70
54126873,19105.85,7637.49,0.40591,0.15083,7.72,5.53,2.50,4.04,10.73,17.11,22.51,45.60
59698912,18790.97,8428.48,0.45861,0.18429,5.39,2.89,0.60,3.49,8.41,12.59,28.69,46.81
84196694,25170.91,11893.87,0.31205,0.09662,4.35,2.65,0.72,6.42,12.90,19.00,24.94,36.74
56889234,20493.24,8045.43,0.42081,0.16859,8.48,5.96,1.84,3.58,9.75,17.87,23.30,45.50
23814903,10805.31,3376.08,0.41581,0.16773,4.26,2.44,0.73,2.49,9.66,18.25,25.95,43.65
34638800,12929.75,4921.68,0.34217,0.12193,5.37,2.71,0.42,4.73,13.45,19.19,23.19,39.43
28281762,12453.44,4019.01,0.42757,0.16129,4.80,3.34,1.36,3.64,9.34,15.39,24.66,46.97
37801353,14329.55,5382.51,0.43763,0.17888,8.24,4.52,0.86,3.66,10.40,16.49,22.00,47.45
62997295,19810.47,8979.09,0.40470,0.14685,5.66,3.20,0.84,4.53,11.07,16.92,22.94,44.54
21465872,9630.27,3064.36,0.38040,0.14301,3.51,2.07,0.61,3.12,10.79,18.12,26.32,41.64
28983469,13562.69,4146.42,0.40041,0.14910,7.41,4.33,0.88,4.53,11.25,16.41,23.10,44.71
39136606,14484.31,5605.36,0.45142,0.20471,15.39,11.92,3.32,4.00,10.03,15.81,20.79,49.37
46396541,15600.72,6648.97,0.42800,0.17269,5.82,3.67,0.75,3.01,8.98,17.03,26.12,44.86
33967771,12632.12,4872.73,0.43907,0.16904,5.85,3.23,0.57,4.15,9.19,15.38,24.05,47.23
34194187,13832.60,4917.20,0.44860,0.17376,5.61,3.33,0.62,3.53,9.35,15.18,23.82,48.12
69674658,19375.60,10056.97,0.51144,0.23857,12.63,9.87,5.45,2.94,8.02,13.30,20.84,54.90
28506862,12203.28,4119.49,0.43308,0.16724,5.45,3.23,0.72,3.63,10.04,15.20,22.38,48.75
26455819,13109.92,3827.52,0.38256,0.14056,5.34,3.50,1.30,4.15,10.98,18.50,23.41,42.96
71525707,20018.39,10352.54,0.48797,0.21401,10.39,5.94,1.22,3.98,9.43,13.00,21.75,51.85
35552683,12213.22,5148.09,0.42313,0.16472,7.99,4.34,0.87,3.90,10.07,16.98,21.52,47.52
47620570,16970.98,6917.57,0.52617,0.24574,10.26,6.19,1.01,2.93,8.23,11.94,20.10,56.80
39625800,14509.63,5760.40,0.43626,0.17334,6.16,3.40,0.53,3.59,9.95,15.58,23.08,47.80
38613540,11437.66,5639.48,0.47090,0.19325,5.69,3.39,1.05,3.25,8.66,14.17,23.61,50.31
64599502,19469.41,9474.85,0.42920,0.17023,8.82,5.55,1.09,4.17,10.97,16.40,20.87,47.60
51718405,16672.60,7603.41,0.41745,0.16087,7.98,5.60,3.06,3.34,9.46,15.85,24.47,46.89
50626694,16836.28,7456.07,0.46452,0.19077,7.78,5.18,2.35,2.91,8.58,14.62,23.59,50.30
50077748,17633.01,7383.92,0.38448,0.13591,4.62,2.72,0.64,4.88,10.84,14.74,27.49,42.07
52058411,18793.65,7679.36,0.39778,0.15026,5.75,3.26,0.63,3.86,11.59,17.21,23.97,43.37
40977322,14681.95,6045.64,0.41762,0.15976,5.06,2.78,0.45,3.72,10.03,16.38,24.25,45.63
46515211,16624.45,6865.71,0.45118,0.19159,12.17,7.55,1.21,4.10,10.80,14.39,19.91,50.81
60415201,20232.82,8920.01,0.44569,0.16901,6.98,4.09,0.69,4.41,9.47,14.30,22.68,49.15
69670068,22612.81,10286.44,0.55936,0.30047,22.87,17.13,3.56,3.74,8.51,11.23,15.92,60.60
80629512,22522.21,11929.21,0.51023,0.24738,14.66,7.12,1.26,3.29,9.83,13.16,17.75,55.97
87822257,24766.57,13006.85,0.54319,0.30524,27.99,25.47,20.50,2.29,7.30,11.80,19.16,59.45
51327193,16817.56,7614.18,0.39338,0.13409,4.65,3.03,1.09,5.04,9.90,15.34,26.69,43.03
37441828,14428.45,5576.68,0.41618,0.15618,6.80,4.21,0.80,3.88,10.66,15.73,24.35,45.38
84401565,24267.27,12589.73,0.39960,0.19200,7.83,5.36,1.62,2.62,15.15,16.81,18.34,47.07
148530829,45715.86,22175.40,0.54986,0.31658,26.64,22.51,6.54,3.56,9.84,11.57,12.87,62.16
20963262,12316.84,3130.71,0.42321,0.16319,5.03,3.68,0.52,3.69,10.60,16.72,22.71,46.28
24674200,13330.20,3689.88,0.46147,0.18096,6.33,3.58,0.43,3.67,9.31,14.45,20.69,51.88
36517331,13504.93,5470.76,0.45571,0.18348,4.62,2.60,0.45,3.16,8.76,14.70,24.20,49.17
93651714,26681.40,14163.90,0.35902,0.13216,8.74,6.04,1.84,6.13,12.54,16.60,24.02,40.72
45249035,15576.26,6856.95,0.52432,0.25420,14.53,11.70,2.78,2.35,7.29,13.17,21.54,55.65
40238281,15031.11,6107.81,0.45858,0.18734,7.04,3.39,0.52,3.33,9.48,15.44,20.78,50.97
30419651,13795.76,4631.49,0.50523,0.24200,14.18,9.06,1.65,2.58,7.48,14.94,21.48,53.52
51784217,16092.05,7901.16,0.39209,0.13713,5.43,3.07,0.64,4.50,10.88,16.73,23.91,43.98
31136359,12176.91,4751.47,0.41562,0.15846,7.57,5.04,1.31,4.15,10.10,16.66,23.20,45.89
24072800,12036.40,3675.24,0.40973,0.16577,8.25,6.28,0.80,3.88,12.03,16.75,22.32,45.02
63000021,18458.84,9622.73,0.42856,0.16256,5.06,2.85,0.58,3.52,9.69,15.57,25.78,45.43
67147620,22823.80,10267.22,0.50516,0.22862,12.67,7.77,1.20,2.85,9.11,13.57,19.99,54.48
59404528,18116.66,9087.43,0.45553,0.18149,6.24,3.22,0.61,3.82,9.52,14.95,21.07,50.65
34802567,13515.56,5330.46,0.48148,0.25062,18.26,16.60,9.46,2.85,8.89,14.99,21.64,51.63
38078394,13643.28,5849.22,0.46270,0.19304,8.13,5.42,1.51,3.50,9.72,14.90,21.65,50.24
64389889,18728.88,9890.92,0.48174,0.20716,10.85,7.05,2.67,3.50,9.15,14.02,20.63,52.70
34494610,18767.47,5301.15,0.54994,0.29738,20.81,17.65,3.80,2.29,7.52,12.13,18.76,59.31
42361622,13538.39,6519.18,0.43543,0.17335,9.11,5.87,2.03,2.42,7.24,13.14,20.94,56.26
44704382,16267.97,6880.77,0.43465,0.17169,6.82,4.27,1.01,3.59,10.69,15.18,22.04,48.50
31583485,12954.67,4863.49,0.37535,0.13128,2.64,1.32,0.22,4.33,12.31,16.36,24.63,42.37
23773382,13416.13,3664.77,0.47544,0.21950,12.21,9.18,1.53,2.96,8.51,15.76,22.40,50.37
32195939,11720.40,4970.81,0.44978,0.19257,11.32,7.12,1.35,3.75,10.24,15.58,21.06,49.37
42133158,15815.75,6515.10,0.41838,0.16242,7.25,5.02,2.10,3.65,10.02,15.84,24.11,46.38
63614561,19713.22,9848.98,0.45341,0.22222,15.64,10.21,1.94,2.85,9.90,18.12,21.32,47.81
72354299,22540.28,11203.82,0.33749,0.11887,5.76,3.82,1.98,5.44,10.15,20.82,26.63,36.96
38727586,13708.88,6001.49,0.45362,0.21387,12.86,10.23,5.11,3.15,9.45,16.61,24.13,46.66
37288898,15674.19,5784.81,0.38120,0.13448,5.96,3.44,0.64,4.51,11.88,16.95,23.18,43.47
29877168,12448.82,4645.08,0.44133,0.17748,6.08,3.80,1.17,3.24,9.58,16.06,21.76,49.35
54491305,20901.92,8495.68,0.33857,0.12404,4.12,2.06,0.32,5.54,8.90,22.05,28.37,35.15
43522320,16681.61,6785.52,0.49976,0.22849,13.31,9.24,2.09,3.11,9.79,13.10,19.88,54.13
34867588,13436.45,5446.36,0.43466,0.17992,5.93,3.37,0.80,2.86,10.56,17.25,22.91,46.43
23482345,9322.09,3669.12,0.47196,0.20466,7.22,5.23,3.28,2.69,8.63,14.59,24.14,49.95
60400482,17885.84,9492.45,0.44058,0.17266,5.93,3.32,0.62,4.01,10.79,14.55,20.98,49.68
62562371,18703.25,9839.95,0.59655,0.35218,28.57,23.33,9.84,2.56,6.48,12.02,17.42,61.52
33760966,15380.85,5341.92,0.43930,0.17726,8.56,5.24,1.13,3.65,10.10,15.18,23.24,47.82
43231030,15036.88,6856.63,0.41004,0.16263,6.08,3.75,0.55,3.24,9.45,16.41,28.99,41.91
32431914,14993.95,5152.83,0.42261,0.16385,5.84,3.12,0.57,3.21,9.66,16.69,24.13,46.32
45561620,17206.05,7248.11,0.47623,0.20528,8.42,4.92,0.82,2.53,8.78,14.59,20.80,53.30
21124426,10583.38,3366.44,0.44538,0.18280,8.36,4.71,0.70,3.43,9.39,16.08,22.52,48.58
57607814,20377.72,9187.85,0.43188,0.16748,7.38,4.27,0.73,4.87,11.04,14.64,20.91,48.54
45676189,16651.91,7286.04,0.46367,0.23203,16.52,14.25,10.19,2.65,8.63,15.62,25.52,47.58
49864509,18406.98,7973.22,0.44882,0.17661,5.77,3.80,1.68,3.64,9.44,14.44,20.84,51.64
28197104,11109.97,4532.57,0.47248,0.20013,7.50,5.10,1.04,2.80,8.83,15.64,23.10,49.64
41099108,15638.93,6610.76,0.43109,0.16719,7.76,5.04,1.44,4.15,10.45,14.24,22.96,48.19
54039623,19244.88,8699.23,0.48334,0.23612,15.85,12.92,3.64,3.05,9.61,14.63,21.44,51.27
30298338,14786.89,4894.72,0.54224,0.26249,11.93,5.97,1.19,2.72,7.94,12.29,19.15,57.90
37061024,14254.24,5989.18,0.48686,0.22257,13.18,8.98,1.38,3.34,8.91,14.48,21.01,52.27
41179523,17441.56,6660.12,0.40230,0.14904,5.79,3.23,0.61,4.26,11.22,16.00,24.04,44.48
26946556,14945.40,4368.77,0.20297,0.05214,5.06,2.53,0.28,10.36,16.32,20.42,22.39,30.50
51509426,16336.64,8356.49,0.39852,0.14811,5.91,4.17,1.88,4.30,11.35,16.46,23.43,44.47
82061849,27482.20,13323.89,0.47847,0.20830,5.39,3.03,0.53,2.69,7.40,12.08,30.54,47.29
63625482,22076.85,10340.56,0.52676,0.26974,11.65,5.99,0.86,4.85,9.34,12.27,13.21,60.33
74536683,22477.89,12117.82,0.32219,0.09087,4.51,2.82,1.06,6.69,13.84,16.24,23.26,39.98
39353030,15282.73,6398.87,0.38295,0.14419,8.64,5.48,1.65,3.64,10.89,18.78,24.22,42.46
37065319,16393.33,6027.86,0.40741,0.15996,9.22,6.14,2.79,4.66,12.33,15.58,20.52,46.91
50995722,18284.59,8293.34,0.52090,0.26613,19.80,17.17,3.63,3.56,8.72,13.98,17.76,55.99
28041876,13202.39,4561.14,0.44862,0.18111,5.57,3.46,0.92,3.28,9.31,15.18,23.03,49.19
52005689,18007.51,8482.42,0.40188,0.14255,8.24,6.16,3.52,4.24,10.04,15.79,24.03,45.90
32082679,13816.83,5243.12,0.54113,0.25774,11.25,5.71,1.04,2.69,7.04,13.56,19.11,57.61
43366375,16103.37,7099.93,0.40997,0.15944,7.09,4.39,1.25,3.85,10.83,16.75,24.29,44.28
28786525,12228.77,4716.01,0.48988,0.21241,7.87,5.24,1.04,2.74,7.62,14.14,23.13,52.38
29466104,12272.43,4834.47,0.40675,0.17016,7.87,5.21,1.47,2.93,11.36,18.22,22.26,45.22
33145038,15517.34,5443.43,0.43003,0.17860,7.32,5.09,2.29,3.39,10.14,15.95,24.67,45.84
76903250,24413.73,12631.94,0.51960,0.24192,9.42,5.15,1.03,4.24,9.27,12.02,14.32,60.15
62155171,20520.03,10211.13,0.39500,0.14770,6.33,4.57,2.45,4.74,9.48,14.28,29.75,41.74
37430393,14936.31,6154.29,0.43245,0.16316,5.95,3.19,0.53,3.92,9.46,16.56,23.58,46.49
26740614,12721.51,4404.65,0.38112,0.13474,3.71,1.99,0.57,4.48,12.13,16.99,23.10,43.31
59169041,20284.21,9752.60,0.39804,0.13830,5.94,3.75,0.96,4.96,11.43,15.78,21.83,46.01
43689335,15642.44,7217.80,0.36615,0.12722,6.76,3.95,0.91,5.56,12.72,16.93,22.45,42.34
32643733,13890.95,5401.91,0.36766,0.13055,4.81,2.96,0.78,4.13,10.43,19.51,25.81,40.11
29566881,11705.02,4909.81,0.45141,0.18473,6.83,3.85,0.76,3.12,8.70,16.52,23.88,47.78
57750716,18641.29,9589.96,0.48022,0.19816,9.37,5.73,1.21,3.52,8.63,13.86,22.15,51.84
26863839,10996.25,4465.40,0.40823,0.15033,4.32,2.70,0.60,3.81,9.30,15.77,26.06,45.07
30879519,15063.18,5132.90,0.37399,0.13496,6.17,4.21,1.58,4.06,9.76,18.52,28.02,39.64
31164967,14044.60,5181.21,0.38759,0.13698,4.98,2.66,0.59,4.68,10.34,18.32,23.99,42.68
22817081,11933.62,3801.58,0.43030,0.19168,5.42,3.54,0.80,2.15,9.49,17.61,27.47,43.28
40283618,16777.85,6719.54,0.44446,0.16749,5.67,3.04,0.73,3.86,9.15,15.35,23.87,47.77
29584123,14243.68,4938.09,0.38210,0.14541,4.97,2.78,0.58,3.52,11.56,18.55,23.70,42.68
30411883,12510.03,5090.71,0.43662,0.17287,8.97,6.11,2.63,3.30,8.98,14.99,22.20,50.53
142436235,48829.70,23862.66,0.60893,0.32139,16.30,9.42,1.35,2.66,6.37,9.31,15.14,66.52
37617378,16808.48,6302.12,0.51200,0.22445,9.70,5.58,1.03,3.49,8.11,13.03,17.81,57.55
82766688,24286.00,13884.70,0.41927,0.15558,6.07,3.76,1.36,4.37,9.95,15.23,23.53,46.93
52672429,17722.89,8839.14,0.38367,0.14153,7.92,4.81,0.94,5.15,11.29,17.87,21.15,44.54
49522955,15985.46,8332.99,0.41197,0.15487,5.20,3.15,0.82,3.77,9.68,18.07,23.49,44.99
36305940,17955.46,6118.29,0.54773,0.30967,25.72,23.40,13.87,3.48,7.54,12.40,17.75,58.84
28346205,11347.56,4786.59,0.48635,0.22161,15.61,12.45,2.78,3.56,8.54,14.48,21.85,51.57
25267098,12984.12,4277.48,0.46164,0.20172,4.18,2.44,0.47,2.10,7.89,15.43,26.97,47.61
101811676,33645.63,17262.07,0.50072,0.22654,13.06,7.60,1.56,4.91,8.59,11.81,18.69,56.00
38490141,16071.04,6530.39,0.46597,0.19495,7.30,4.72,1.63,2.85,8.18,14.12,25.95,48.90
40690360,16710.62,6914.25,0.42982,0.17942,12.05,9.11,3.86,3.48,9.54,17.58,23.01,46.39
43803711,14919.52,7461.03,0.60870,0.34699,15.51,7.49,1.07,2.76,6.62,10.81,15.31,64.49
64158417,22024.86,10941.07,0.43866,0.17878,6.05,3.56,0.95,3.00,8.45,16.86,27.48,44.21
50998770,16887.01,8699.89,0.37317,0.12549,4.16,2.31,0.44,4.54,11.88,17.15,24.49,41.94
68352012,25590.42,11664.17,0.35641,0.13483,5.57,3.51,0.82,3.71,12.22,20.56,23.22,40.28
25265280,11499.90,4325.51,0.42996,0.17147,6.06,3.91,1.01,3.20,9.65,15.63,25.08,46.45
17095253,11166.07,2933.30,0.31288,0.08211,2.53,1.18,0.17,6.96,12.86,18.08,23.68,38.42
63334559,24444.06,10867.29,0.58186,0.30546,21.23,12.57,2.10,3.64,6.74,10.73,14.21,64.68
32876439,12723.08,5643.06,0.45305,0.18154,6.82,4.29,0.89,3.24,9.10,15.21,23.90,48.55
53768476,17751.23,9233.81,0.43154,0.17204,8.16,5.90,1.39,3.68,10.26,15.77,23.13,47.15
27597900,12414.71,4740.28,0.42649,0.16853,6.70,4.44,1.50,3.69,9.86,16.21,23.15,47.09
33993124,14753.96,5852.81,0.46707,0.19851,8.96,6.30,1.67,3.26,9.08,16.05,21.19,50.42
41766340,17280.24,7192.41,0.58962,0.34490,19.93,9.96,1.66,3.63,8.22,10.23,13.50,64.42
20323606,11475.78,3501.05,0.45336,0.21430,13.27,10.98,3.87,3.01,9.11,16.61,23.87,47.39
30554305,14598.33,5267.98,0.51519,0.25519,15.23,13.00,3.13,2.80,7.79,13.34,21.11,54.95
76888578,26950.08,13274.96,0.52976,0.23974,8.77,4.94,0.76,3.03,7.69,12.69,19.72,56.86
49129816,16603.52,8489.69,0.39139,0.14054,7.59,3.96,0.57,5.20,10.78,16.51,24.02,43.49
57114570,19038.19,9886.54,0.54391,0.26092,13.44,7.71,1.14,2.80,7.90,12.68,17.96,58.66
35845783,17142.89,6213.52,0.43040,0.16728,7.73,5.05,1.31,4.21,10.08,15.16,22.46,48.09
62685713,20175.64,10869.73,0.29110,0.08893,5.35,3.27,0.68,6.62,14.44,19.16,24.67,35.10
30243620,13610.99,5248.81,0.53309,0.24370,5.87,3.76,0.75,2.89,6.91,11.10,18.45,60.65
65134259,21776.75,11309.99,0.36086,0.11900,4.63,3.00,0.89,5.49,12.10,16.87,23.09,42.45
44518715,17617.22,7735.66,0.39218,0.14524,5.41,3.19,0.98,4.23,11.35,16.49,24.58,43.35
77931958,26064.20,13553.38,0.40172,0.15101,5.35,3.28,1.04,4.21,7.94,17.52,28.90,41.44
24435635,11867.72,4254.11,0.45775,0.18815,6.40,3.63,0.82,3.22,8.65,16.17,23.76,48.19
66568088,23259.29,11601.27,0.43982,0.17734,8.55,6.14,1.40,3.94,11.25,15.05,18.87,50.88
58268379,20183.02,10161.91,0.49594,0.22255,11.46,7.34,2.04,2.95,8.27,14.32,20.99,53.47
55499218,19771.72,9682.35,0.42222,0.16546,9.94,5.97,0.96,4.90,11.27,14.23,21.94,47.67
23140158,11119.73,4041.24,0.50462,0.22656,6.50,3.94,1.08,2.12,8.07,13.34,23.21,53.25
35904510,14929.11,6271.53,0.43724,0.17270,6.09,3.09,0.61,3.90,10.11,16.00,21.59,48.41
21094395,11061.56,3689.12,0.45075,0.18443,7.09,4.17,0.58,3.24,9.20,15.67,22.95,48.94
30078493,15965.23,5267.69,0.45003,0.17307,5.81,3.40,0.50,3.75,9.42,13.90,24.06,48.86
27147935,11190.41,4754.45,0.45625,0.19569,8.31,5.60,1.86,2.93,9.45,15.82,22.86,48.95
29493700,13872.86,5187.99,0.43093,0.17409,6.93,3.77,0.77,3.33,9.66,16.77,23.65,46.59
54261642,17247.82,9546.38,0.46227,0.19394,11.56,6.83,1.46,3.89,9.25,15.28,21.63,49.95
29609767,15535.03,5219.42,0.40218,0.14332,6.10,3.22,0.36,4.58,10.19,16.10,25.23,43.90
19953414,10138.93,3523.47,0.46232,0.19241,4.15,2.19,0.28,2.45,8.53,14.88,25.18,48.96
40663265,16482.88,7193.22,0.47220,0.19272,7.69,4.51,1.08,3.59,8.76,14.34,22.78,50.53
38704173,15993.46,6851.51,0.39923,0.15237,6.64,4.26,0.71,3.90,11.52,17.94,22.28,44.36
83050774,28191.03,14704.46,0.48445,0.22159,13.73,11.29,4.18,3.17,8.67,14.16,21.99,52.01
37716243,14658.47,6678.99,0.47973,0.20603,8.08,4.50,0.73,2.83,8.19,15.51,21.00,52.47
42766910,17939.14,7574.73,0.41670,0.16142,6.81,4.07,0.70,3.78,10.65,16.58,23.03,45.96
22830671,13836.77,4045.12,0.45190,0.19073,7.85,3.92,0.49,3.74,9.98,15.45,20.84,49.98
40208564,16418.36,7134.24,0.38664,0.14322,5.15,3.41,0.79,4.07,11.18,17.83,24.46,42.46
25985556,11367.26,4623.76,0.50838,0.22661,5.79,2.91,0.61,2.59,7.79,13.54,22.95,53.12
28565898,14340.31,5099.23,0.42021,0.15977,4.90,2.56,0.29,3.34,9.99,17.47,23.97,45.23
43658825,18609.90,7799.00,0.37065,0.14215,4.45,2.43,0.63,3.20,12.44,18.06,26.30,40.00
48772364,18643.87,8720.25,0.46898,0.20351,11.47,8.40,2.44,3.37,9.92,14.08,21.21,51.42
29310063,15170.84,5245.18,0.41260,0.15348,5.36,3.47,0.47,4.25,10.35,16.00,22.89,46.50
29774919,13639.45,5329.32,0.38159,0.13788,6.41,3.91,0.76,4.03,10.66,18.53,24.17,42.61
57233929,21920.31,10245.96,0.46143,0.19379,10.36,6.20,1.29,3.87,9.90,14.01,22.64,49.59
19297125,10335.90,3456.41,0.40721,0.16200,6.04,3.72,0.77,3.67,11.39,16.95,23.12,44.87
26971247,11934.18,4841.37,0.48836,0.20278,6.55,3.49,0.63,3.51,8.16,12.97,22.46,52.90
22224154,10715.60,4005.07,0.50191,0.22044,5.73,2.86,0.57,2.71,7.65,12.84,24.45,52.36
80611689,21180.16,14563.99,0.47045,0.21248,16.18,11.73,2.27,4.58,10.45,13.97,18.36,52.63
22117351,12253.38,4006.77,0.38935,0.14990,4.73,3.04,0.50,3.42,10.79,18.96,25.04,41.78
50242892,19118.30,9101.97,0.41442,0.16129,9.30,6.86,1.72,4.20,11.07,15.77,22.58,46.37
39948695,16631.43,7248.90,0.54666,0.26791,10.63,5.31,0.89,2.85,7.70,12.18,18.70,58.57
25498998,14166.11,4629.45,0.55275,0.28681,16.88,13.19,2.74,1.65,6.30,13.77,20.57,57.69
51406057,20521.38,9336.37,0.43015,0.17111,10.26,7.05,1.46,4.85,10.43,14.69,22.18,47.84
34245129,15839.56,6219.60,0.44003,0.16842,6.17,3.40,0.71,3.53,9.12,15.25,25.19,46.92
60017361,22245.13,10918.20,0.45566,0.18504,7.97,4.67,0.77,4.04,10.22,14.49,21.05,50.20
55293433,21734.84,10062.50,0.37365,0.12719,6.00,4.04,1.59,6.31,11.61,13.75,24.67,43.65
40108421,16894.87,7301.73,0.46227,0.19083,7.42,4.23,0.76,3.42,9.92,14.03,21.29,51.33
25946010,13123.93,4725.19,0.44633,0.18276,10.31,7.14,1.67,3.46,9.27,14.67,24.17,48.43
29404987,12718.42,5357.08,0.44189,0.17411,7.52,4.99,2.49,3.17,8.90,16.06,22.76,49.11
35510603,13931.19,6469.41,0.41186,0.15984,6.61,3.81,0.83,3.79,10.35,17.71,23.55,44.60
58455340,23242.68,10653.42,0.63413,0.35569,16.87,12.67,2.88,1.55,5.45,9.06,13.62,70.33
51550773,20845.44,9396.79,0.51419,0.23354,10.25,6.44,1.07,3.27,8.69,13.68,16.35,58.02
25512373,12137.19,4656.39,0.45566,0.18986,6.84,3.71,0.75,3.05,9.46,16.54,22.62,48.33
25392385,11876.70,4642.12,0.43875,0.17223,4.13,2.19,0.44,3.32,8.85,15.01,25.24,47.59
19674447,11197.75,3608.00,0.45005,0.19003,6.94,3.26,0.41,3.51,9.01,15.92,23.42,48.15
52603875,18457.50,9648.55,0.48679,0.20639,9.53,5.60,1.06,3.82,8.62,13.06,21.15,53.37
20367744,12874.68,3739.95,0.43067,0.16751,6.18,3.90,0.77,4.00,10.46,14.67,22.46,48.40
46775072,16441.15,8598.36,0.42881,0.16336,6.24,3.30,0.53,4.02,10.43,15.59,23.35,46.61
45459711,17975.37,8365.79,0.49885,0.23697,16.76,13.37,4.39,3.32,8.14,13.45,21.03,54.06
35833754,13959.39,6598.00,0.51834,0.23839,11.59,8.29,2.64,2.89,7.79,12.38,20.35,56.59
58584992,21404.82,10787.15,0.40818,0.15236,5.63,3.38,0.64,4.52,11.09,14.82,24.35,45.22
29774236,13765.25,5483.28,0.39497,0.15308,4.98,2.90,0.62,3.28,10.40,17.76,26.30,42.26
56362432,25342.82,10398.97,0.51980,0.25305,11.32,9.15,7.20,2.52,7.62,12.30,24.87,52.70
30778922,15544.91,5679.82,0.53950,0.25467,12.17,9.09,2.20,2.57,6.25,12.61,21.17,57.40
29519906,12583.08,5476.79,0.44379,0.17666,5.68,3.31,0.93,3.70,9.81,15.11,23.41,47.97
52831156,19727.84,9808.98,0.31441,0.10812,4.04,2.59,0.70,4.39,13.36,20.01,26.89,35.35
55864286,22755.31,10374.05,0.44434,0.18486,11.81,7.41,1.32,4.80,10.59,14.39,19.31,50.91
23141665,12502.25,4302.22,0.36655,0.12751,4.44,2.98,0.54,4.29,11.32,18.22,25.96,40.21
19872827,11003.78,3699.33,0.45102,0.18173,7.95,5.84,0.65,3.49,8.72,15.41,24.44,47.94
23933418,13979.80,4459.37,0.45024,0.19372,7.53,4.31,0.58,2.65,9.54,15.94,23.95,47.92
21955204,11945.16,4096.88,0.45239,0.19102,4.36,2.35,0.31,2.76,9.25,16.87,23.03,48.09
35205918,15026.00,6580.55,0.45511,0.18899,8.29,5.00,0.98,3.23,9.97,15.11,22.75,48.93
22662667,11486.40,4236.80,0.41505,0.15083,5.64,3.35,0.72,4.02,9.93,16.26,23.14,46.65
59388368,22555.40,11106.86,0.32323,0.11506,5.12,3.13,1.07,4.94,11.87,21.25,26.19,35.76
33012194,15053.44,6184.38,0.45212,0.17789,8.22,4.83,1.07,4.01,9.65,14.40,21.93,50.00
36550285,16890.15,6865.19,0.36892,0.13209,3.64,1.96,0.39,3.60,11.62,17.81,26.83,40.14
18939659,12660.20,3560.09,0.46238,0.19071,4.54,2.30,0.33,3.70,9.66,13.63,21.31,51.71
36536150,16790.51,6872.86,0.41880,0.17082,5.77,3.78,1.11,3.31,10.62,16.91,24.34,44.82
17896181,12100.19,3368.38,0.45805,0.19099,4.46,2.35,0.37,3.02,9.88,15.90,22.22,48.98
16907537,11620.30,3184.09,0.46420,0.19606,5.37,3.18,0.82,2.97,9.54,15.17,21.12,51.20
29089768,17011.56,5478.30,0.43290,0.17254,7.37,4.43,0.89,2.88,9.14,15.10,23.30,49.58
24266972,12619.33,4573.50,0.42917,0.17779,6.03,2.89,0.32,3.12,9.99,18.36,21.60,46.93
45331290,19006.83,8583.85,0.44720,0.18982,11.46,8.12,2.26,4.58,10.53,14.75,20.12,50.02
25291378,12235.79,4793.67,0.37368,0.13379,5.77,3.64,0.96,4.52,11.31,18.11,24.12,41.95
27859492,13583.37,5286.43,0.48472,0.21146,9.19,6.15,1.37,2.94,8.91,14.29,21.13,52.73
44525037,18360.84,8471.28,0.45001,0.18517,9.23,5.89,1.51,3.63,10.14,14.82,21.57,49.85
49738238,18614.61,9468.54,0.34480,0.11569,4.91,2.92,0.62,5.20,13.54,18.17,22.24,40.86
50784100,20881.62,9706.44,0.53050,0.24183,11.61,8.27,1.58,3.30,8.07,12.36,18.51,57.76
16787973,13955.09,3210.55,0.42222,0.16999,4.91,2.58,0.43,3.17,10.96,15.54,25.70,44.62
22712678,18184.69,4369.50,0.51740,0.24192,12.42,6.46,1.08,3.81,8.26,12.93,16.03,58.97
48127456,19953.34,9267.76,0.38447,0.13086,6.45,3.60,0.78,5.44,11.75,16.04,23.07,43.71
16731113,11289.55,3224.96,0.40648,0.15416,5.93,3.16,0.46,4.30,11.07,16.53,23.57,44.53
23753025,12923.30,4581.99,0.45656,0.19269,7.42,5.01,2.15,3.01,9.32,14.62,23.81,49.24
50274056,19313.89,9707.29,0.31604,0.11280,8.16,6.20,1.75,5.47,14.99,17.61,24.25,37.67
20819948,11483.70,4020.07,0.41573,0.15711,4.26,2.57,0.60,3.73,10.23,17.16,23.84,45.04
34665407,16421.32,6698.63,0.41683,0.16756,9.38,5.09,1.02,3.94,11.79,16.77,21.53,45.97
45800742,18038.89,8869.24,0.31069,0.11542,3.93,2.44,0.56,3.68,15.97,21.49,21.94,36.92
21128589,11744.63,4093.89,0.46875,0.23254,15.28,12.78,1.96,2.27,9.07,16.24,24.09,48.33
49885728,19054.90,9671.53,0.37886,0.13319,4.85,2.95,0.60,4.40,12.42,15.63,23.82,43.73
48572744,19562.12,9418.80,0.44872,0.18456,10.22,6.72,1.17,4.00,10.49,15.01,21.17,49.33
26083644,12786.10,5068.72,0.45661,0.19334,7.25,4.08,0.86,3.04,10.14,15.66,21.16,50.00
36028465,16034.03,7017.62,0.43079,0.16693,6.72,4.37,1.75,3.84,10.43,15.86,22.00,47.87
21484917,11733.98,4188.09,0.47277,0.21659,9.13,5.71,0.74,2.57,9.65,15.91,21.81,50.07
22563089,11794.61,4404.27,0.46100,0.20115,5.83,3.55,0.54,2.47,8.70,15.32,25.86,47.65
14145611,12596.27,2764.97,0.47611,0.21185,7.84,5.24,1.18,3.33,9.12,15.14,22.55,49.85
47355088,19543.99,9290.78,0.41455,0.15689,8.64,6.11,1.81,4.68,10.48,17.62,21.62,45.59
42032779,19396.76,8248.19,0.43371,0.16928,4.94,2.60,0.65,3.48,9.74,16.39,23.70,46.69
22916146,12859.79,4497.77,0.43869,0.16587,4.58,2.38,0.32,3.65,8.77,16.59,23.43,47.56
23271938,13977.14,4567.60,0.61022,0.33917,20.75,12.62,1.58,1.88,6.04,10.36,17.26,64.47
25772918,14075.87,5061.45,0.46366,0.19885,9.41,5.98,0.94,3.20,10.07,14.94,20.88,50.91
69931210,27115.63,13736.24,0.46262,0.19779,9.19,5.15,0.93,3.10,8.94,15.86,23.31,48.79
20493784,11417.15,4025.49,0.38198,0.14594,4.16,2.76,0.48,3.70,11.82,18.70,24.27,41.51
28267466,14854.16,5555.71,0.51130,0.23275,7.60,3.62,0.40,2.89,8.46,13.50,18.72,56.42
36952392,17722.97,7287.00,0.40522,0.14788,7.45,3.85,0.78,4.89,10.78,16.93,19.94,47.47
42410175,18975.47,8376.49,0.42104,0.16388,8.24,4.12,0.75,4.59,11.01,15.32,21.64,47.44
21122224,12670.80,4173.53,0.42214,0.16585,5.06,3.50,0.51,3.63,10.59,15.34,24.47,45.96
81086927,26814.46,16025.08,0.54665,0.27133,16.53,10.68,2.36,2.94,8.43,11.79,15.92,60.92
41903979,16510.63,8291.25,0.40486,0.15269,6.13,3.44,0.59,3.99,10.86,16.74,23.37,45.05
23059498,10866.87,4564.43,0.47436,0.19734,5.52,3.52,1.01,2.78,8.08,14.59,25.17,49.39
36898614,16269.23,7303.76,0.50147,0.22109,9.78,6.07,1.24,3.47,9.29,13.26,18.02,55.96
26536518,17785.87,5255.80,0.40360,0.15435,4.57,2.78,0.58,3.50,9.30,16.88,27.85,42.47
21930273,13587.53,4346.93,0.46419,0.19561,9.09,5.02,0.63,3.60,9.56,15.47,19.82,51.56
24409580,12334.30,4848.94,0.44144,0.18027,6.38,3.98,0.54,3.11,8.89,17.39,23.84,46.76
48887109,23882.32,9742.35,0.57229,0.28961,18.32,12.63,2.53,2.67,7.31,10.79,17.61,61.62
19899383,12082.20,3966.39,0.50409,0.24076,12.69,10.69,2.26,2.67,7.99,14.07,22.70,52.56
31306678,15271.55,6251.33,0.43148,0.18012,6.09,3.69,1.07,2.78,10.08,17.77,23.40,45.98
26156256,13196.90,5226.03,0.45141,0.18964,7.77,5.25,0.81,3.29,9.30,17.00,22.00,48.41
22981326,11354.41,4594.43,0.40600,0.14656,4.36,2.48,0.65,3.98,9.97,16.75,24.90,44.39
658471496,26551.27,8595.90,0.42050,0.16373,8.60,5.93,1.89,4.13,10.62,15.91,23.06,46.28
595994918,25339.92,8582.88,0.44203,0.18190,8.79,5.74,1.87,3.21,9.98,15.62,23.81,47.38
